-- phpMyAdmin SQL Dump
-- version 5.2.1
-- https://www.phpmyadmin.net/
--
-- Host: 127.0.0.1
-- Generation Time: Oct 05, 2025 at 07:24 AM
-- Server version: 10.4.32-MariaDB
-- PHP Version: 8.2.12

SET SQL_MODE = "NO_AUTO_VALUE_ON_ZERO";
START TRANSACTION;
SET time_zone = "+00:00";


/*!40101 SET @OLD_CHARACTER_SET_CLIENT=@@CHARACTER_SET_CLIENT */;
/*!40101 SET @OLD_CHARACTER_SET_RESULTS=@@CHARACTER_SET_RESULTS */;
/*!40101 SET @OLD_COLLATION_CONNECTION=@@COLLATION_CONNECTION */;
/*!40101 SET NAMES utf8mb4 */;

--
-- Database: `web`
--

-- --------------------------------------------------------

--
-- Table structure for table `logs`
--

CREATE TABLE `logs` (
  `id` int(11) NOT NULL,
  `user_id` int(6) UNSIGNED DEFAULT NULL,
  `username` varchar(50) NOT NULL,
  `action` varchar(255) NOT NULL,
  `created_at` timestamp NOT NULL DEFAULT current_timestamp()
) ENGINE=InnoDB DEFAULT CHARSET=utf8mb4 COLLATE=utf8mb4_unicode_ci;

--
-- Dumping data for table `logs`
--

INSERT INTO `logs` (`id`, `user_id`, `username`, `action`, `created_at`) VALUES
(1, NULL, 'supawish', 'login', '2025-08-29 06:25:53'),
(2, NULL, 'supawish', 'user_dashboard.php', '2025-08-29 06:25:53'),
(3, NULL, 'supawish', 'ws', '2025-08-29 06:25:53'),
(4, NULL, 'supawish', 'index.php', '2025-08-29 06:25:54'),
(5, NULL, 'supawish', 'ws', '2025-08-29 06:25:54'),
(6, NULL, 'supawish', 'ws', '2025-08-29 06:25:55'),
(7, NULL, 'supawish', 'index.php', '2025-08-29 06:25:57'),
(8, NULL, 'supawish', 'ws', '2025-08-29 06:25:57'),
(9, NULL, 'supawish', 'ws', '2025-08-29 06:25:59'),
(10, NULL, 'supawish', 'index.php', '2025-08-29 06:26:02'),
(11, NULL, 'supawish', 'ws', '2025-08-29 06:26:02'),
(12, NULL, 'supawish', 'ws', '2025-08-29 06:26:03'),
(13, NULL, 'supawish', 'index.php', '2025-08-29 06:26:04'),
(14, NULL, 'supawish', 'ws', '2025-08-29 06:26:04'),
(15, NULL, 'supawish', 'ws', '2025-08-29 06:30:06'),
(16, NULL, 'supawish', 'index.php', '2025-08-29 06:30:07'),
(17, NULL, 'supawish', 'ws', '2025-08-29 06:30:07'),
(18, NULL, 'supawish', 'ws', '2025-08-29 06:30:08'),
(19, NULL, 'supawish', 'index.php', '2025-08-29 06:30:09'),
(20, NULL, 'supawish', 'ws', '2025-08-29 06:30:09'),
(21, NULL, 'supawish', 'ws', '2025-08-29 06:30:10'),
(22, NULL, 'supawish', 'index.php', '2025-08-29 06:30:11'),
(23, NULL, 'supawish', 'ws', '2025-08-29 06:30:11'),
(24, NULL, 'supawish', 'index.php', '2025-08-29 06:30:44'),
(25, NULL, 'supawish', 'logout', '2025-08-29 06:30:44'),
(26, NULL, 'supawish', 'login', '2025-08-29 06:30:48'),
(27, NULL, 'supawish', 'ws', '2025-08-29 06:30:48'),
(28, NULL, 'supawish', 'ws', '2025-08-29 06:30:53'),
(29, NULL, 'supawish', 'ws', '2025-08-29 06:30:59'),
(30, NULL, 'supawish', 'ws', '2025-08-29 06:31:00'),
(31, NULL, 'supawish', 'ws', '2025-08-29 06:31:01'),
(32, NULL, 'supawish', 'ws', '2025-08-29 06:31:04'),
(33, NULL, 'supawish', 'ws', '2025-08-29 06:31:06'),
(34, NULL, 'supawish', 'ws', '2025-08-29 06:31:07'),
(35, NULL, 'supawish', 'ws', '2025-08-29 06:31:08'),
(36, NULL, 'supawish', 'logout', '2025-08-29 06:31:08'),
(37, NULL, 'ริว', 'index.php', '2025-08-29 07:04:34'),
(38, NULL, 'ริว', 'user_dashboard.php', '2025-08-29 07:05:14'),
(39, NULL, 'ริว', 'logout', '2025-08-29 07:05:16'),
(40, NULL, 'supawish', 'login', '2025-08-29 07:56:15'),
(41, NULL, 'supawish', 'logout', '2025-08-29 07:56:35'),
(42, NULL, 'kong', 'login', '2025-08-29 07:56:42'),
(43, NULL, 'kong', 'user_dashboard.php', '2025-08-29 07:56:42'),
(44, NULL, 'kong', 'index.php', '2025-08-29 07:56:44'),
(45, NULL, 'kong', 'user_dashboard.php', '2025-08-29 07:57:03'),
(46, NULL, 'kong', 'index.php', '2025-08-29 07:57:08'),
(47, NULL, 'kong', 'user_dashboard.php', '2025-08-29 12:56:51'),
(48, NULL, 'kong', 'logout', '2025-08-29 12:57:04'),
(49, NULL, 'supawish', 'login', '2025-08-29 12:57:11'),
(50, NULL, 'supawish', 'logout', '2025-08-29 12:57:29'),
(51, NULL, 'kong', 'login', '2025-08-29 12:57:43'),
(52, NULL, 'kong', 'user_dashboard.php', '2025-08-29 12:57:43'),
(53, NULL, 'kong', 'logout', '2025-08-29 13:03:34'),
(54, NULL, 'supawish', 'login', '2025-08-29 13:03:51'),
(55, NULL, 'supawish', 'logout', '2025-08-29 13:15:57'),
(56, NULL, 'kong', 'login', '2025-08-29 13:16:06'),
(57, NULL, 'kong', 'user_dashboard.php', '2025-08-29 13:16:06'),
(58, NULL, 'kong', 'index.php', '2025-08-29 13:16:07'),
(59, NULL, 'kong', 'index.php', '2025-08-29 13:16:36'),
(60, NULL, 'kong', 'logout', '2025-08-29 13:16:36'),
(61, NULL, 'supawish', 'login', '2025-08-29 17:14:21'),
(62, NULL, 'kong', 'login', '2025-08-29 17:39:59'),
(63, NULL, 'kong', 'user_dashboard.php', '2025-08-29 17:39:59'),
(64, NULL, 'kong', 'index.php', '2025-08-29 17:40:01'),
(65, NULL, 'kong', 'user_dashboard.php', '2025-08-30 15:57:17'),
(66, NULL, 'kong', 'index.php', '2025-08-30 15:57:24'),
(67, NULL, 'kantaphon', 'user_dashboard.php', '2025-08-30 17:20:28'),
(68, NULL, 'kantaphon', 'index.php', '2025-08-30 17:20:46'),
(69, NULL, 'kantaphon', 'index.php', '2025-08-30 17:20:51'),
(70, NULL, 'kantaphon', 'logout', '2025-08-30 17:20:51'),
(71, NULL, 'supawish', 'login', '2025-09-02 04:35:57'),
(72, NULL, 'supawish', 'logout', '2025-09-02 05:07:52'),
(73, NULL, 'supawish', 'login', '2025-09-02 05:07:58'),
(74, NULL, 'supawish', 'logout', '2025-09-02 05:08:07'),
(75, NULL, 'supawish', 'login', '2025-09-02 05:08:12'),
(76, NULL, 'supawish', 'logout', '2025-09-02 05:08:21'),
(77, NULL, 'supawish', 'login', '2025-09-02 05:08:29'),
(78, NULL, 'supawish', 'logout', '2025-09-02 05:24:55'),
(79, NULL, 'supawish', 'login', '2025-09-02 05:24:59'),
(80, NULL, 'adminnn', 'system_logs.php', '2025-09-02 05:45:37'),
(81, NULL, 'adminnn', 'logout', '2025-09-02 05:55:27'),
(82, NULL, 'supawish', 'login', '2025-09-02 05:55:50'),
(83, NULL, 'supawish', 'system_logs.php', '2025-09-02 05:55:51'),
(84, NULL, 'supawish', 'logout', '2025-09-02 05:56:26'),
(85, NULL, 'supawish', 'login', '2025-09-02 05:57:09'),
(86, NULL, 'supawish', 'system_logs.php', '2025-09-02 05:57:11'),
(87, NULL, 'supawish', 'system_logs.php', '2025-09-02 05:57:49'),
(88, NULL, 'supawish', 'system_logs.php', '2025-09-02 06:03:59'),
(89, NULL, 'supawish', 'system_logs.php', '2025-09-02 06:04:00'),
(90, NULL, 'supawish', 'system_logs.php', '2025-09-02 06:04:03'),
(91, NULL, 'kong', 'login', '2025-09-02 06:04:53'),
(92, NULL, 'kong', 'user_dashboard.php', '2025-09-02 06:04:53'),
(93, NULL, 'kong', 'index.php', '2025-09-02 06:04:55'),
(94, NULL, 'kong', 'index.php', '2025-09-02 06:04:55'),
(95, NULL, 'kong', 'system_logs.php', '2025-09-02 06:05:00'),
(96, NULL, 'kong', 'user_dashboard.php', '2025-09-02 06:09:37'),
(97, NULL, 'kong', 'logout', '2025-09-02 06:09:38'),
(98, NULL, 'supawish', 'login', '2025-09-02 06:12:46'),
(99, NULL, 'supawish', 'system_logs.php', '2025-09-02 06:23:09'),
(100, NULL, 'supawish', 'system_logs.php', '2025-09-02 06:23:11'),
(101, NULL, 'supawish', 'system_logs.php', '2025-09-02 06:25:27'),
(102, NULL, 'supawish', 'system_logs.php', '2025-09-02 06:25:33'),
(103, NULL, 'supawish', 'system_logs.php', '2025-09-02 06:31:12'),
(104, NULL, 'supawish', 'logout', '2025-09-02 06:31:17'),
(105, NULL, 'kong', 'login', '2025-09-02 06:31:22'),
(106, NULL, 'kong', 'user_dashboard.php', '2025-09-02 06:31:22'),
(107, NULL, 'kong', 'index.php', '2025-09-02 06:31:23'),
(108, NULL, 'kong', 'index.php', '2025-09-02 06:31:23'),
(109, NULL, 'kong', 'index.php', '2025-09-02 06:31:23'),
(110, NULL, 'kong', 'system_logs.php', '2025-09-02 06:31:28'),
(111, NULL, 'supawish', 'login', '2025-09-02 07:17:44'),
(112, NULL, 'supawish', 'logout', '2025-09-02 07:17:46'),
(113, NULL, 'kong', 'login', '2025-09-02 07:18:08'),
(114, NULL, 'kong', 'user_dashboard.php', '2025-09-02 07:18:08'),
(115, NULL, 'kong', 'index.php', '2025-09-02 07:18:10'),
(116, NULL, 'kong', 'index.php', '2025-09-02 07:18:10'),
(117, NULL, 'kong', 'index.php', '2025-09-02 07:18:10'),
(118, NULL, 'kong', 'login', '2025-09-02 07:21:28'),
(119, NULL, 'kong', 'user_dashboard.php', '2025-09-02 07:21:28'),
(120, NULL, 'kong', 'index.php', '2025-09-02 07:21:33'),
(121, NULL, 'kong', 'index.php', '2025-09-02 07:21:33'),
(122, NULL, 'kong', 'index.php', '2025-09-02 07:21:33'),
(123, NULL, 'kong', 'user_dashboard.php', '2025-09-02 07:27:26'),
(124, NULL, 'kong', 'index.php', '2025-09-02 07:27:30'),
(125, NULL, 'kong', 'index.php', '2025-09-02 07:27:30'),
(126, NULL, 'kong', 'index.php', '2025-09-02 07:27:30'),
(127, NULL, 'supawish', 'login', '2025-09-02 07:27:47'),
(128, NULL, 'supawish', 'logout', '2025-09-02 07:27:50'),
(129, NULL, 'kong', 'login', '2025-09-02 07:27:54'),
(130, NULL, 'kong', 'user_dashboard.php', '2025-09-02 07:27:54'),
(131, NULL, 'kong', 'index.php', '2025-09-02 07:27:56'),
(132, NULL, 'kong', 'index.php', '2025-09-02 07:27:56'),
(133, NULL, 'kong', 'index.php', '2025-09-02 07:27:56'),
(134, NULL, 'kong', 'login', '2025-09-02 07:29:11'),
(135, NULL, 'kong', 'user_dashboard.php', '2025-09-02 07:29:11'),
(136, NULL, 'kong', 'index.php', '2025-09-02 07:29:12'),
(137, NULL, 'kong', 'index.php', '2025-09-02 07:29:12'),
(138, NULL, 'kong', 'index.php', '2025-09-02 07:29:12'),
(139, NULL, 'kong', 'index.php', '2025-09-02 07:29:14'),
(140, NULL, 'kong', 'index.php', '2025-09-02 07:29:14'),
(141, NULL, 'kong', 'index.php', '2025-09-02 07:29:14'),
(142, NULL, 'kong', 'index.php', '2025-09-02 07:38:39'),
(143, NULL, 'kong', 'index.php', '2025-09-02 07:38:39'),
(144, NULL, 'kong', 'index.php', '2025-09-02 07:38:39'),
(145, NULL, 'kong', 'index.php', '2025-09-02 07:38:42'),
(146, NULL, 'kong', 'index.php', '2025-09-02 07:38:42'),
(147, NULL, 'kong', 'index.php', '2025-09-02 07:38:42'),
(148, NULL, 'kong', 'logout', '2025-09-02 07:38:42'),
(149, NULL, 'kong', 'login', '2025-09-02 07:41:26'),
(150, NULL, 'kong', 'user_dashboard.php', '2025-09-02 07:41:26'),
(151, NULL, 'kong', 'login', '2025-09-02 07:41:44'),
(152, NULL, 'kong', 'user_dashboard.php', '2025-09-02 07:41:44'),
(153, NULL, 'kong', 'index.php', '2025-09-02 07:41:45'),
(154, NULL, 'kong', 'index.php', '2025-09-02 07:41:45'),
(155, NULL, 'kong', 'index.php', '2025-09-02 07:41:45'),
(156, NULL, 'supawish', 'login', '2025-09-02 07:45:37'),
(157, NULL, 'supawish', 'index.php', '2025-09-02 07:55:55'),
(158, NULL, 'supawish', 'index.php', '2025-09-02 07:55:55'),
(159, NULL, 'supawish', 'index.php', '2025-09-02 07:55:55'),
(160, NULL, 'kong', 'login', '2025-09-02 07:56:01'),
(161, NULL, 'kong', 'user_dashboard.php', '2025-09-02 07:56:01'),
(162, NULL, 'kong', 'index.php', '2025-09-02 07:56:03'),
(163, NULL, 'kong', 'index.php', '2025-09-02 07:56:03'),
(164, NULL, 'kong', 'index.php', '2025-09-02 07:56:03'),
(165, NULL, 'kong', 'index.php', '2025-09-02 07:56:05'),
(166, NULL, 'kong', 'index.php', '2025-09-02 07:56:05'),
(167, NULL, 'kong', 'index.php', '2025-09-02 07:56:05'),
(168, NULL, 'kong', 'login', '2025-09-02 07:56:18'),
(169, NULL, 'kong', 'user_dashboard.php', '2025-09-02 07:56:18'),
(170, NULL, 'kong', 'index.php', '2025-09-02 07:56:19'),
(171, NULL, 'kong', 'index.php', '2025-09-02 07:56:19'),
(172, NULL, 'kong', 'index.php', '2025-09-02 07:56:19'),
(173, NULL, 'kong', 'index.php', '2025-09-02 07:56:21'),
(174, NULL, 'kong', 'index.php', '2025-09-02 07:56:21'),
(175, NULL, 'kong', 'index.php', '2025-09-02 07:56:21'),
(176, NULL, 'kong', 'index.php', '2025-09-02 07:56:28'),
(177, NULL, 'kong', 'index.php', '2025-09-02 07:56:28'),
(178, NULL, 'kong', 'index.php', '2025-09-02 07:56:28'),
(179, NULL, 'kong', 'logout', '2025-09-02 07:56:28'),
(180, NULL, 'supawish', 'login', '2025-09-02 07:56:32'),
(181, NULL, 'supawish', 'login', '2025-09-02 08:00:16'),
(182, NULL, 'supawish', 'logout', '2025-09-02 08:00:53'),
(183, NULL, 'kong', 'login', '2025-09-02 08:01:13'),
(184, NULL, 'kong', 'user_dashboard.php', '2025-09-02 08:01:13'),
(185, NULL, 'kong', 'index.php', '2025-09-02 08:01:18'),
(186, NULL, 'kong', 'index.php', '2025-09-02 08:01:18'),
(187, NULL, 'kong', 'index.php', '2025-09-02 08:01:18'),
(188, NULL, 'kong', 'index.php', '2025-09-02 08:01:35'),
(189, NULL, 'kong', 'index.php', '2025-09-02 08:01:35'),
(190, NULL, 'kong', 'index.php', '2025-09-02 08:01:35'),
(191, NULL, 'kong', 'index.php', '2025-09-02 08:01:40'),
(192, NULL, 'kong', 'index.php', '2025-09-02 08:01:40'),
(193, NULL, 'kong', 'index.php', '2025-09-02 08:01:40'),
(194, NULL, 'kong', 'index.php', '2025-09-02 08:03:27'),
(195, NULL, 'kong', 'index.php', '2025-09-02 08:03:27'),
(196, NULL, 'kong', 'index.php', '2025-09-02 08:03:27'),
(197, NULL, 'kong', 'index.php', '2025-09-02 08:03:32'),
(198, NULL, 'kong', 'index.php', '2025-09-02 08:03:32'),
(199, NULL, 'kong', 'index.php', '2025-09-02 08:03:32'),
(200, NULL, 'kong', 'logout', '2025-09-02 08:03:32'),
(201, NULL, 'supawish', 'login', '2025-09-02 08:03:35'),
(202, NULL, 'supawish', 'index.php', '2025-09-02 08:04:52'),
(203, NULL, 'supawish', 'index.php', '2025-09-02 08:04:52'),
(204, NULL, 'supawish', 'index.php', '2025-09-02 08:04:52'),
(205, NULL, 'supawish', 'login', '2025-09-02 08:05:07'),
(206, NULL, 'supawish', 'index.php', '2025-09-02 08:05:58'),
(207, NULL, 'supawish', 'index.php', '2025-09-02 08:05:58'),
(208, NULL, 'supawish', 'index.php', '2025-09-02 08:05:58'),
(209, NULL, 'supawish', 'index.php', '2025-09-02 08:06:04'),
(210, NULL, 'supawish', 'index.php', '2025-09-02 08:06:04'),
(211, NULL, 'supawish', 'index.php', '2025-09-02 08:06:04'),
(212, NULL, 'supawish', 'logout', '2025-09-02 08:06:04'),
(213, NULL, 'supawish', 'login', '2025-09-02 08:06:12'),
(214, NULL, 'supawish', 'index.php', '2025-09-02 08:08:40'),
(215, NULL, 'supawish', 'index.php', '2025-09-02 08:08:40'),
(216, NULL, 'supawish', 'user_dashboard.php', '2025-09-02 08:08:45'),
(217, NULL, 'supawish', 'login', '2025-09-02 08:08:52'),
(218, NULL, 'supawish', 'logout', '2025-09-02 08:09:07'),
(219, NULL, 'kong', 'login', '2025-09-02 08:09:15'),
(220, NULL, 'kong', 'user_dashboard.php', '2025-09-02 08:09:15'),
(221, NULL, 'kong', 'index.php', '2025-09-02 08:09:16'),
(222, NULL, 'kong', 'index.php', '2025-09-02 08:09:16'),
(223, NULL, 'kong', 'index.php', '2025-09-02 08:09:21'),
(224, NULL, 'kong', 'index.php', '2025-09-02 08:09:21'),
(225, NULL, 'kong', 'index.php', '2025-09-02 08:09:23'),
(226, NULL, 'kong', 'index.php', '2025-09-02 08:09:23'),
(227, NULL, 'supawish', 'login', '2025-09-02 08:41:15'),
(228, NULL, 'supawish', 'admin_dashboard.php', '2025-09-02 08:41:16'),
(229, NULL, 'supawish', 'index.php', '2025-09-02 08:41:43'),
(230, NULL, 'supawish', 'logout', '2025-09-02 08:42:47'),
(231, NULL, 'supawish', 'login', '2025-09-02 08:43:42'),
(232, NULL, 'supawish', 'logout', '2025-09-02 08:46:03'),
(233, NULL, 'kong', 'login', '2025-09-02 08:46:07'),
(234, NULL, 'kong', 'user_dashboard.php', '2025-09-02 08:46:07'),
(235, NULL, 'kong', 'index.php', '2025-09-02 08:46:08'),
(236, NULL, 'kong', 'index.php', '2025-09-02 08:46:08'),
(237, NULL, 'kong', 'index.php', '2025-09-02 08:46:11'),
(238, NULL, 'kong', 'index.php', '2025-09-02 08:46:11'),
(239, NULL, 'kong', 'index.php', '2025-09-02 08:47:00'),
(240, NULL, 'kong', 'index.php', '2025-09-02 08:47:00'),
(241, NULL, 'kong', 'index.php', '2025-09-02 08:48:27'),
(242, NULL, 'kong', 'index.php', '2025-09-02 08:48:27'),
(243, NULL, 'kong', 'index.php', '2025-09-02 08:48:31'),
(244, NULL, 'kong', 'index.php', '2025-09-02 08:48:31'),
(245, NULL, 'kong', 'login', '2025-09-02 08:57:36'),
(246, NULL, 'kong', 'user_dashboard.php', '2025-09-02 08:57:36'),
(247, NULL, 'kong', 'index.php', '2025-09-02 08:57:40'),
(248, NULL, 'kong', 'index.php', '2025-09-02 08:57:40'),
(249, NULL, 'kong', 'index.php', '2025-09-02 08:57:40'),
(250, NULL, 'kong', 'index.php', '2025-09-02 08:58:12'),
(251, NULL, 'kong', 'index.php', '2025-09-02 08:58:12'),
(252, NULL, 'kong', 'index.php', '2025-09-02 08:58:12'),
(253, NULL, 'kong', 'index.php', '2025-09-03 05:53:28'),
(254, NULL, 'kong', 'index.php', '2025-09-03 05:53:28'),
(255, NULL, 'kong', 'index.php', '2025-09-03 05:53:28'),
(256, NULL, 'kong', 'user_dashboard.php', '2025-09-04 03:45:22'),
(257, NULL, 'kong', 'index.php', '2025-09-04 03:45:24'),
(258, NULL, 'kong', 'index.php', '2025-09-04 03:45:24'),
(259, NULL, 'kong', 'index.php', '2025-09-04 03:45:24'),
(260, NULL, 'kong', 'login', '2025-09-04 07:44:30'),
(261, NULL, 'kong', 'user_dashboard.php', '2025-09-04 07:44:30'),
(262, NULL, 'kong', 'index.php', '2025-09-04 07:44:31'),
(263, NULL, 'kong', 'index.php', '2025-09-04 07:44:31'),
(264, NULL, 'kong', 'index.php', '2025-09-04 07:44:31'),
(265, NULL, 'kong', 'login', '2025-09-04 15:50:24'),
(266, NULL, 'kong', 'user_dashboard.php', '2025-09-04 15:50:25'),
(267, NULL, 'kong', 'index.php', '2025-09-04 15:50:26'),
(268, NULL, 'kong', 'index.php', '2025-09-04 15:50:26'),
(269, NULL, 'kong', 'index.php', '2025-09-04 15:50:26'),
(270, NULL, 'kong', 'login', '2025-09-04 15:57:50'),
(271, NULL, 'kong', 'user_dashboard.php', '2025-09-04 15:57:50'),
(272, NULL, 'kong', 'index.php', '2025-09-04 15:57:51'),
(273, NULL, 'kong', 'index.php', '2025-09-04 15:57:51'),
(274, NULL, 'kong', 'index.php', '2025-09-04 15:57:51'),
(275, NULL, 'kong', 'index.php', '2025-09-04 15:57:56'),
(276, NULL, 'kong', 'index.php', '2025-09-04 15:57:56'),
(277, NULL, 'kong', 'index.php', '2025-09-04 15:57:56'),
(278, NULL, 'kong', 'index.php', '2025-09-04 15:58:34'),
(279, NULL, 'kong', 'index.php', '2025-09-04 15:58:34'),
(280, NULL, 'kong', 'index.php', '2025-09-04 15:58:34'),
(281, NULL, 'kong', 'index.php', '2025-09-04 15:58:35'),
(282, NULL, 'kong', 'index.php', '2025-09-04 15:58:35'),
(283, NULL, 'kong', 'index.php', '2025-09-04 15:58:35'),
(284, NULL, 'kong', 'index.php', '2025-09-04 15:58:39'),
(285, NULL, 'kong', 'index.php', '2025-09-04 15:58:39'),
(286, NULL, 'kong', 'index.php', '2025-09-04 15:58:39'),
(287, NULL, 'kong', 'index.php', '2025-09-04 15:59:22'),
(288, NULL, 'kong', 'index.php', '2025-09-04 15:59:22'),
(289, NULL, 'kong', 'index.php', '2025-09-04 15:59:22'),
(290, NULL, 'kong', 'index.php', '2025-09-04 15:59:24'),
(291, NULL, 'kong', 'index.php', '2025-09-04 15:59:24'),
(292, NULL, 'kong', 'index.php', '2025-09-04 15:59:24'),
(293, NULL, 'kong', 'index.php', '2025-09-04 15:59:25'),
(294, NULL, 'kong', 'index.php', '2025-09-04 15:59:25'),
(295, NULL, 'kong', 'index.php', '2025-09-04 15:59:25'),
(296, NULL, 'kong', 'index.php', '2025-09-04 15:59:27'),
(297, NULL, 'kong', 'index.php', '2025-09-04 15:59:27'),
(298, NULL, 'kong', 'index.php', '2025-09-04 15:59:27'),
(299, NULL, 'kong', 'index.php', '2025-09-04 16:00:14'),
(300, NULL, 'kong', 'index.php', '2025-09-04 16:00:14'),
(301, NULL, 'kong', 'index.php', '2025-09-04 16:00:14'),
(302, NULL, 'kong', 'index.php', '2025-09-04 16:04:02'),
(303, NULL, 'kong', 'index.php', '2025-09-04 16:04:02'),
(304, NULL, 'kong', 'index.php', '2025-09-04 16:04:02'),
(305, NULL, 'kong', 'index.php', '2025-09-04 16:04:03'),
(306, NULL, 'kong', 'index.php', '2025-09-04 16:04:03'),
(307, NULL, 'kong', 'index.php', '2025-09-04 16:04:03'),
(308, NULL, 'kong', 'index.php', '2025-09-04 16:04:10'),
(309, NULL, 'kong', 'index.php', '2025-09-04 16:04:10'),
(310, NULL, 'kong', 'index.php', '2025-09-04 16:04:10'),
(311, NULL, 'kong', 'index.php', '2025-09-04 16:04:14'),
(312, NULL, 'kong', 'index.php', '2025-09-04 16:04:14'),
(313, NULL, 'kong', 'index.php', '2025-09-04 16:04:14'),
(314, NULL, 'kong', 'logout', '2025-09-04 16:04:14'),
(315, NULL, 'kong', 'login', '2025-09-04 16:04:21'),
(316, NULL, 'kong', 'user_dashboard.php', '2025-09-04 16:04:21'),
(317, NULL, 'kong', 'index.php', '2025-09-04 16:04:22'),
(318, NULL, 'kong', 'index.php', '2025-09-04 16:04:22'),
(319, NULL, 'kong', 'index.php', '2025-09-04 16:04:22'),
(320, NULL, 'kong', 'index.php', '2025-09-04 16:09:42'),
(321, NULL, 'kong', 'index.php', '2025-09-04 16:09:42'),
(322, NULL, 'kong', 'index.php', '2025-09-04 16:09:42'),
(323, NULL, 'kong', 'index.php', '2025-09-04 16:11:24'),
(324, NULL, 'kong', 'index.php', '2025-09-04 16:11:24'),
(325, NULL, 'kong', 'index.php', '2025-09-04 16:11:24'),
(326, NULL, 'kong', 'logout', '2025-09-04 16:38:48'),
(327, NULL, 'supawish', 'login', '2025-09-04 16:42:45'),
(328, NULL, 'supawish', 'logout', '2025-09-04 16:43:25'),
(329, NULL, 'kong', 'login', '2025-09-05 03:36:14'),
(330, NULL, 'kong', 'user_dashboard.php', '2025-09-05 03:36:14'),
(331, NULL, 'kong', 'index.php', '2025-09-05 03:36:16'),
(332, NULL, 'kong', 'index.php', '2025-09-05 03:36:16'),
(333, NULL, 'kong', 'index.php', '2025-09-05 03:36:16'),
(334, NULL, 'kong', 'index.php', '2025-09-05 04:37:13'),
(335, NULL, 'kong', 'index.php', '2025-09-05 04:37:13'),
(336, NULL, 'kong', 'index.php', '2025-09-05 04:37:13'),
(337, NULL, 'kong', 'index.php', '2025-09-05 04:37:15'),
(338, NULL, 'kong', 'index.php', '2025-09-05 04:37:15'),
(339, NULL, 'kong', 'index.php', '2025-09-05 04:37:15'),
(340, NULL, 'kong', 'user_dashboard.php', '2025-09-05 04:37:17'),
(341, NULL, 'kong', 'index.php', '2025-09-05 04:37:18'),
(342, NULL, 'kong', 'index.php', '2025-09-05 04:37:18'),
(343, NULL, 'kong', 'index.php', '2025-09-05 04:37:18'),
(344, NULL, 'kong', 'index.php', '2025-09-05 06:56:56'),
(345, NULL, 'kong', 'index.php', '2025-09-05 06:56:56'),
(346, NULL, 'kong', 'index.php', '2025-09-05 06:56:56'),
(347, NULL, 'supawish', 'index.php', '2025-09-06 07:32:37'),
(348, NULL, 'supawish', 'index.php', '2025-09-06 07:32:37'),
(349, NULL, 'supawish', 'index.php', '2025-09-06 07:32:37'),
(350, NULL, 'supawish', 'index.php', '2025-09-06 07:32:38'),
(351, NULL, 'supawish', 'index.php', '2025-09-06 07:32:38'),
(352, NULL, 'supawish', 'index.php', '2025-09-06 07:32:38'),
(353, NULL, 'kong', 'login', '2025-09-06 08:02:33'),
(354, NULL, 'kong', 'user_dashboard.php', '2025-09-06 08:02:33'),
(355, NULL, 'kong', 'index.php', '2025-09-06 08:02:34'),
(356, NULL, 'kong', 'index.php', '2025-09-06 08:02:34'),
(357, NULL, 'kong', 'index.php', '2025-09-06 08:02:34'),
(358, NULL, 'kong', 'index.php', '2025-09-07 07:59:52'),
(359, NULL, 'kong', 'index.php', '2025-09-07 07:59:52'),
(360, NULL, 'kong', 'index.php', '2025-09-07 07:59:52'),
(361, NULL, 'kong', 'logout', '2025-09-07 08:05:06'),
(362, NULL, 'kong', 'login', '2025-09-07 08:05:11'),
(363, NULL, 'kong', 'user_dashboard.php', '2025-09-07 08:05:11'),
(364, NULL, 'kong', 'index.php', '2025-09-07 08:05:13'),
(365, NULL, 'kong', 'index.php', '2025-09-07 08:05:13'),
(366, NULL, 'kong', 'index.php', '2025-09-07 08:05:13'),
(367, NULL, 'kong', 'index.php', '2025-09-07 08:05:28'),
(368, NULL, 'kong', 'index.php', '2025-09-07 08:05:28'),
(369, NULL, 'kong', 'index.php', '2025-09-07 08:05:28'),
(370, NULL, 'supawish', 'login', '2025-09-09 05:53:19'),
(371, NULL, 'supawish', 'logout', '2025-09-09 05:53:23'),
(372, NULL, 'kong', 'login', '2025-09-09 05:53:27'),
(373, NULL, 'kong', 'user_dashboard.php', '2025-09-09 05:53:27'),
(374, NULL, 'kong', 'index.php', '2025-09-09 05:53:29'),
(375, NULL, 'kong', 'index.php', '2025-09-09 05:53:29'),
(376, NULL, 'kong', 'index.php', '2025-09-09 05:53:29'),
(377, NULL, 'kong', 'index.php', '2025-09-09 06:49:53'),
(378, NULL, 'kong', 'index.php', '2025-09-09 06:49:53'),
(379, NULL, 'kong', 'index.php', '2025-09-09 06:49:53'),
(380, NULL, 'kong', 'user_dashboard.php', '2025-09-09 06:50:11'),
(381, NULL, 'kong', 'index.php', '2025-09-09 06:50:33'),
(382, NULL, 'kong', 'index.php', '2025-09-09 06:50:33'),
(383, NULL, 'kong', 'index.php', '2025-09-09 06:50:33'),
(384, NULL, 'kong', 'login', '2025-09-11 03:42:27'),
(385, NULL, 'kong', 'user_dashboard.php', '2025-09-11 03:42:27'),
(386, NULL, 'kong', 'index.php', '2025-09-11 03:50:25'),
(387, NULL, 'kong', 'index.php', '2025-09-11 03:50:25'),
(388, NULL, 'kong', 'index.php', '2025-09-11 03:50:25'),
(389, NULL, 'kong', 'index.php', '2025-09-11 03:50:25'),
(390, NULL, 'kong', 'index.php', '2025-09-11 03:50:25'),
(391, NULL, 'kong', 'index.php', '2025-09-11 03:50:25'),
(392, NULL, 'kong', 'index.php', '2025-09-11 03:50:25'),
(393, NULL, 'kong', 'index.php', '2025-09-11 03:50:25'),
(394, NULL, 'kong', 'index.php', '2025-09-11 03:50:25'),
(395, NULL, 'kong', 'index.php', '2025-09-11 03:50:25'),
(396, NULL, 'kong', 'index.php', '2025-09-11 03:50:25'),
(397, NULL, 'kong', 'index.php', '2025-09-11 03:50:25'),
(398, NULL, 'kong', 'index.php', '2025-09-11 03:50:25'),
(399, NULL, 'kong', 'index.php', '2025-09-11 03:50:25'),
(400, NULL, 'kong', 'index.php', '2025-09-11 03:50:25'),
(401, NULL, 'kong', 'login', '2025-09-11 03:50:45'),
(402, NULL, 'kong', 'user_dashboard.php', '2025-09-11 03:50:45'),
(403, NULL, 'kong', 'index.php', '2025-09-11 03:50:46'),
(404, NULL, 'kong', 'index.php', '2025-09-11 03:50:46'),
(405, NULL, 'kong', 'index.php', '2025-09-11 03:50:46'),
(406, NULL, 'kong', 'index.php', '2025-09-11 04:06:15'),
(407, NULL, 'kong', 'index.php', '2025-09-11 04:06:15'),
(408, NULL, 'kong', 'index.php', '2025-09-11 04:06:16'),
(409, NULL, 'kong', 'index.php', '2025-09-11 04:22:04'),
(410, NULL, 'kong', 'index.php', '2025-09-11 04:22:04'),
(411, NULL, 'kong', 'index.php', '2025-09-11 04:22:04'),
(412, NULL, 'kong', 'index.php', '2025-09-11 04:22:16'),
(413, NULL, 'kong', 'index.php', '2025-09-11 04:22:16'),
(414, NULL, 'kong', 'index.php', '2025-09-11 04:22:16'),
(415, NULL, 'kong', 'index.php', '2025-09-11 04:22:19'),
(416, NULL, 'kong', 'index.php', '2025-09-11 04:22:19'),
(417, NULL, 'kong', 'index.php', '2025-09-11 04:22:19'),
(418, NULL, 'kong', 'index.php', '2025-09-11 04:22:40'),
(419, NULL, 'kong', 'index.php', '2025-09-11 04:22:40'),
(420, NULL, 'kong', 'index.php', '2025-09-11 04:22:40'),
(421, NULL, 'kong', 'index.php', '2025-09-11 04:26:46'),
(422, NULL, 'kong', 'index.php', '2025-09-11 04:26:46'),
(423, NULL, 'kong', 'index.php', '2025-09-11 04:28:00'),
(424, NULL, 'kong', 'index.php', '2025-09-11 04:28:00'),
(425, NULL, 'kong', 'index.php', '2025-09-11 04:30:09'),
(426, NULL, 'kong', 'index.php', '2025-09-11 04:30:09'),
(427, NULL, 'kong', 'index.php', '2025-09-11 04:30:56'),
(428, NULL, 'kong', 'index.php', '2025-09-11 04:30:56'),
(429, NULL, 'kong', 'index.php', '2025-09-11 04:31:18'),
(430, NULL, 'kong', 'index.php', '2025-09-11 04:31:18'),
(431, NULL, 'kong', 'index.php', '2025-09-11 04:31:20'),
(432, NULL, 'kong', 'index.php', '2025-09-11 04:31:20'),
(433, NULL, 'kong', 'index.php', '2025-09-11 04:32:25'),
(434, NULL, 'kong', 'index.php', '2025-09-11 04:32:25'),
(435, NULL, 'kong', 'index.php', '2025-09-11 04:39:17'),
(436, NULL, 'kong', 'index.php', '2025-09-11 04:39:17'),
(437, NULL, 'kong', 'index.php', '2025-09-11 04:40:02'),
(438, NULL, 'kong', 'index.php', '2025-09-11 04:40:02'),
(439, NULL, 'kong', 'index.php', '2025-09-11 04:40:05'),
(440, NULL, 'kong', 'index.php', '2025-09-11 04:40:05'),
(441, NULL, 'kong', 'index.php', '2025-09-11 04:40:07'),
(442, NULL, 'kong', 'index.php', '2025-09-11 04:40:07'),
(443, NULL, 'kong', 'index.php', '2025-09-11 04:40:08'),
(444, NULL, 'kong', 'index.php', '2025-09-11 04:40:08'),
(445, NULL, 'kong', 'user_dashboard.php', '2025-09-11 04:40:10'),
(446, NULL, 'kong', 'index.php', '2025-09-11 04:40:11'),
(447, NULL, 'kong', 'index.php', '2025-09-11 04:40:11'),
(448, NULL, 'kong', 'user_dashboard.php', '2025-09-11 04:40:29'),
(449, NULL, 'kong', 'logout', '2025-09-11 04:40:32'),
(450, NULL, 'supawish', 'login', '2025-09-11 04:40:35'),
(451, NULL, 'supawish', 'index.php', '2025-09-11 04:42:25'),
(452, NULL, 'supawish', 'index.php', '2025-09-11 04:42:25'),
(453, NULL, 'supawish', 'index.php', '2025-09-11 04:42:33'),
(454, NULL, 'supawish', 'index.php', '2025-09-11 04:42:33'),
(455, NULL, 'supawish', 'user_dashboard.php', '2025-09-11 04:42:37'),
(456, NULL, 'supawish', 'login', '2025-09-11 04:42:41'),
(457, NULL, 'supawish', 'index.php', '2025-09-11 04:42:44'),
(458, NULL, 'supawish', 'index.php', '2025-09-11 04:42:44'),
(459, NULL, 'supawish', 'index.php', '2025-09-11 04:42:46'),
(460, NULL, 'supawish', 'index.php', '2025-09-11 04:42:46'),
(461, NULL, 'supawish', 'index.php', '2025-09-11 04:42:49'),
(462, NULL, 'supawish', 'index.php', '2025-09-11 04:42:49'),
(463, NULL, 'supawish', 'index.php', '2025-09-11 04:42:50'),
(464, NULL, 'supawish', 'index.php', '2025-09-11 04:42:50'),
(465, NULL, 'supawish', 'logout', '2025-09-11 04:42:50'),
(466, NULL, 'kong', 'login', '2025-09-11 04:42:55'),
(467, NULL, 'kong', 'user_dashboard.php', '2025-09-11 04:42:55'),
(468, NULL, 'kong', 'index.php', '2025-09-11 04:42:57'),
(469, NULL, 'kong', 'index.php', '2025-09-11 04:42:57'),
(470, NULL, 'kong', 'index.php', '2025-09-11 04:44:46'),
(471, NULL, 'kong', 'index.php', '2025-09-11 04:44:46'),
(472, NULL, 'kong', 'index.php', '2025-09-11 04:44:58'),
(473, NULL, 'kong', 'index.php', '2025-09-11 04:44:58'),
(474, NULL, 'kong', 'index.php', '2025-09-11 05:04:32'),
(475, NULL, 'kong', 'index.php', '2025-09-11 05:04:32'),
(476, NULL, 'kong', 'index.php', '2025-09-11 05:14:18'),
(477, NULL, 'kong', 'index.php', '2025-09-11 05:14:18'),
(478, NULL, 'kong', 'index.php', '2025-09-11 05:18:53'),
(479, NULL, 'kong', 'index.php', '2025-09-11 05:18:53'),
(480, NULL, 'kong', 'index.php', '2025-09-11 05:21:19'),
(481, NULL, 'kong', 'index.php', '2025-09-11 05:21:19'),
(482, NULL, 'kong', 'index.php', '2025-09-11 05:31:22'),
(483, NULL, 'kong', 'index.php', '2025-09-11 05:31:22'),
(484, NULL, 'kong', 'user_dashboard.php', '2025-09-11 05:31:23'),
(485, NULL, 'kong', 'index.php', '2025-09-11 05:31:24'),
(486, NULL, 'kong', 'index.php', '2025-09-11 05:31:24'),
(487, NULL, 'kong', 'logout', '2025-09-11 05:31:27'),
(488, NULL, 'kong', 'login', '2025-09-11 05:31:32'),
(489, NULL, 'kong', 'user_dashboard.php', '2025-09-11 05:31:32'),
(490, NULL, 'kong', 'index.php', '2025-09-11 05:31:34'),
(491, NULL, 'kong', 'index.php', '2025-09-11 05:31:34'),
(492, NULL, 'kong', 'index.php', '2025-09-11 05:31:37'),
(493, NULL, 'kong', 'index.php', '2025-09-11 05:31:37'),
(494, NULL, 'kong', 'index.php', '2025-09-11 05:33:45'),
(495, NULL, 'kong', 'index.php', '2025-09-11 05:33:45'),
(496, NULL, 'supawish', 'login', '2025-09-11 11:27:16'),
(497, NULL, 'supawish', 'index.php', '2025-09-11 11:27:20'),
(498, NULL, 'supawish', 'index.php', '2025-09-11 11:27:20'),
(499, NULL, 'supawish', 'user_dashboard.php', '2025-09-11 11:27:22'),
(500, NULL, 'supawish', 'login', '2025-09-11 11:27:27'),
(501, NULL, 'supawish', 'logout', '2025-09-11 11:28:08'),
(502, NULL, 'kong', 'login', '2025-09-11 11:57:31'),
(503, NULL, 'kong', 'user_dashboard.php', '2025-09-11 11:57:31'),
(504, NULL, 'kong', 'index.php', '2025-09-11 11:57:32'),
(505, NULL, 'kong', 'index.php', '2025-09-11 11:57:32'),
(506, NULL, 'kong', 'index.php', '2025-09-12 04:44:28'),
(507, NULL, 'kong', 'index.php', '2025-09-12 04:44:28'),
(508, NULL, 'kong', 'index.php', '2025-09-12 04:44:38'),
(509, NULL, 'kong', 'index.php', '2025-09-12 04:44:38'),
(510, NULL, 'kong', 'index.php', '2025-09-12 05:25:20'),
(511, NULL, 'kong', 'index.php', '2025-09-12 05:25:20'),
(512, NULL, 'kong', 'index.php', '2025-09-12 05:25:52'),
(513, NULL, 'kong', 'index.php', '2025-09-12 05:25:52'),
(514, NULL, 'kong', 'logout', '2025-09-12 05:25:59'),
(515, NULL, 'supawish', 'login', '2025-09-12 05:26:04'),
(516, NULL, 'supawish', 'index.php', '2025-09-12 05:26:05'),
(517, NULL, 'supawish', 'index.php', '2025-09-12 05:26:05'),
(518, NULL, 'supawish', 'index.php', '2025-09-12 05:28:46'),
(519, NULL, 'supawish', 'index.php', '2025-09-12 05:28:46'),
(520, NULL, 'supawish', 'index.php', '2025-09-12 05:32:57'),
(521, NULL, 'supawish', 'index.php', '2025-09-12 05:32:57'),
(522, NULL, 'supawish', 'index.php', '2025-09-12 05:37:21'),
(523, NULL, 'supawish', 'index.php', '2025-09-12 05:37:21'),
(524, NULL, 'supawish', 'index.php', '2025-09-12 05:37:23'),
(525, NULL, 'supawish', 'index.php', '2025-09-12 05:37:23'),
(526, NULL, 'supawish', 'logout', '2025-09-12 05:37:23'),
(527, NULL, 'supawish', 'login', '2025-09-12 05:37:31'),
(528, NULL, 'kantaphon', 'index.php', '2025-09-12 06:07:35'),
(529, NULL, 'kantaphon', 'index.php', '2025-09-12 06:07:35'),
(530, NULL, 'kantaphon', 'index.php', '2025-09-12 06:07:38'),
(531, NULL, 'kantaphon', 'index.php', '2025-09-12 06:07:38'),
(532, NULL, 'kantaphon', 'index.php', '2025-09-12 06:07:48'),
(533, NULL, 'kantaphon', 'index.php', '2025-09-12 06:07:48'),
(534, NULL, 'kantaphon', 'index.php', '2025-09-13 04:52:05'),
(535, NULL, 'kantaphon', 'index.php', '2025-09-13 04:52:05'),
(536, NULL, 'kantaphon', 'user_dashboard.php', '2025-09-13 04:52:18'),
(537, NULL, 'supawish', 'login', '2025-09-13 04:52:33'),
(538, NULL, 'supawish', 'index.php', '2025-09-13 04:53:16'),
(539, NULL, 'supawish', 'index.php', '2025-09-13 04:53:16'),
(540, NULL, 'supawish', 'index.php', '2025-09-13 04:53:21'),
(541, NULL, 'supawish', 'index.php', '2025-09-13 04:53:21'),
(542, NULL, 'supawish', 'index.php', '2025-09-13 04:55:28'),
(543, NULL, 'supawish', 'index.php', '2025-09-13 04:55:28'),
(544, NULL, 'supawish', 'index.php', '2025-09-13 04:55:38'),
(545, NULL, 'supawish', 'index.php', '2025-09-13 04:55:38'),
(546, NULL, 'supawish', 'index.php', '2025-09-13 04:55:40'),
(547, NULL, 'supawish', 'index.php', '2025-09-13 04:55:40'),
(548, NULL, 'supawish', 'logout', '2025-09-13 04:56:21'),
(549, NULL, 'supawish', 'login', '2025-09-13 04:56:51'),
(550, NULL, 'supawish', 'logout', '2025-09-13 04:57:02'),
(551, NULL, 'suphawit', 'login', '2025-09-13 04:57:09'),
(552, NULL, 'suphawit', 'user_dashboard.php', '2025-09-13 04:57:09'),
(553, NULL, 'suphawit', 'index.php', '2025-09-13 04:57:14'),
(554, NULL, 'suphawit', 'index.php', '2025-09-13 04:57:14'),
(555, NULL, 'suphawit', 'index.php', '2025-09-13 05:00:55'),
(556, NULL, 'suphawit', 'index.php', '2025-09-13 05:00:55'),
(557, NULL, 'suphawit', 'logout', '2025-09-13 05:00:55'),
(558, NULL, 'kong', 'login', '2025-09-13 05:58:33'),
(559, NULL, 'kong', 'user_dashboard.php', '2025-09-13 05:58:33'),
(560, NULL, 'kong', 'index.php', '2025-09-13 05:58:35'),
(561, NULL, 'kong', 'index.php', '2025-09-13 05:58:35'),
(562, NULL, 'kong', 'index.php', '2025-09-13 06:09:32'),
(563, NULL, 'kong', 'index.php', '2025-09-13 06:09:32'),
(564, NULL, 'kong', 'index.php', '2025-09-14 15:55:18'),
(565, NULL, 'kong', 'index.php', '2025-09-14 15:55:18'),
(566, NULL, 'kong', 'login', '2025-09-16 03:34:30'),
(567, NULL, 'kong', 'user_dashboard.php', '2025-09-16 03:34:30'),
(568, NULL, 'kong', 'index.php', '2025-09-16 03:34:32'),
(569, NULL, 'kong', 'index.php', '2025-09-16 03:34:32'),
(570, NULL, 'kong', 'login', '2025-09-18 03:57:35'),
(571, NULL, 'kong', 'user_dashboard.php', '2025-09-18 03:57:35'),
(572, NULL, 'kong', 'index.php', '2025-09-18 03:57:46'),
(573, NULL, 'kong', 'index.php', '2025-09-18 03:57:46'),
(574, NULL, 'kong', 'user_dashboard.php', '2025-09-18 03:57:53'),
(575, NULL, 'kong', 'user_dashboard.php', '2025-09-18 03:58:58'),
(576, NULL, 'kong', 'index.php', '2025-09-18 03:59:02'),
(577, NULL, 'kong', 'index.php', '2025-09-18 03:59:02'),
(578, NULL, 'kong', 'index.php', '2025-09-18 03:59:58'),
(579, NULL, 'kong', 'index.php', '2025-09-18 03:59:58'),
(580, NULL, 'kong', 'index.php', '2025-09-18 04:00:01'),
(581, NULL, 'kong', 'index.php', '2025-09-18 04:00:01'),
(582, NULL, 'kong', 'index.php', '2025-09-18 04:00:02'),
(583, NULL, 'kong', 'index.php', '2025-09-18 04:00:02'),
(584, NULL, 'kong', 'index.php', '2025-09-18 04:00:10'),
(585, NULL, 'kong', 'index.php', '2025-09-18 04:00:10'),
(586, NULL, 'kong', 'index.php', '2025-09-18 04:00:52'),
(587, NULL, 'kong', 'index.php', '2025-09-18 04:00:52'),
(588, NULL, 'kong', 'index.php', '2025-09-18 04:37:31'),
(589, NULL, 'kong', 'index.php', '2025-09-18 04:37:31'),
(590, NULL, 'kong', 'index.php', '2025-09-18 04:37:35'),
(591, NULL, 'kong', 'index.php', '2025-09-18 04:37:35'),
(592, NULL, 'kong', 'index.php', '2025-09-18 04:37:37'),
(593, NULL, 'kong', 'index.php', '2025-09-18 04:37:37'),
(594, NULL, 'kong', 'index.php', '2025-09-18 04:49:15'),
(595, NULL, 'kong', 'index.php', '2025-09-18 04:49:15'),
(596, NULL, 'kong', 'logout', '2025-09-18 04:56:30'),
(597, NULL, 'supawish', 'login', '2025-09-18 04:56:34'),
(598, NULL, 'supawish', 'logout', '2025-09-18 05:01:32'),
(599, NULL, 'supawish', 'login', '2025-09-18 05:02:49'),
(600, NULL, 'supawish', 'index.php', '2025-09-18 05:03:33'),
(601, NULL, 'supawish', 'index.php', '2025-09-18 05:03:33'),
(602, NULL, 'supawish', 'index.php', '2025-09-18 05:07:28'),
(603, NULL, 'supawish', 'index.php', '2025-09-18 05:07:28'),
(604, NULL, 'supawish', 'index.php', '2025-09-18 05:17:27'),
(605, NULL, 'supawish', 'index.php', '2025-09-18 05:17:27'),
(606, NULL, 'supawish', 'user_dashboard.php', '2025-09-18 05:17:28'),
(607, NULL, 'supawish', 'login', '2025-09-18 05:26:59'),
(608, NULL, 'supawish', 'login', '2025-09-18 05:29:41'),
(609, NULL, 'supawish', 'logout', '2025-09-18 05:30:04'),
(610, NULL, 'kong', 'login', '2025-09-18 05:30:16'),
(611, NULL, 'kong', 'user_dashboard.php', '2025-09-18 05:30:16'),
(612, NULL, 'kong', 'index.php', '2025-09-18 05:30:17'),
(613, NULL, 'kong', 'index.php', '2025-09-18 05:30:17'),
(614, NULL, 'kong', 'login', '2025-09-18 06:28:48'),
(615, NULL, 'kong', 'user_dashboard.php', '2025-09-18 06:28:48'),
(616, NULL, 'kong', 'index.php', '2025-09-18 06:28:50'),
(617, NULL, 'kong', 'index.php', '2025-09-18 06:28:50'),
(618, NULL, 'kong', 'index.php', '2025-09-18 06:28:58'),
(619, NULL, 'kong', 'index.php', '2025-09-18 06:28:58'),
(620, NULL, 'kong', 'index.php', '2025-09-18 06:48:48'),
(621, NULL, 'kong', 'index.php', '2025-09-18 06:48:48'),
(622, NULL, 'kong', 'login', '2025-09-18 07:10:18'),
(623, NULL, 'kong', 'user_dashboard.php', '2025-09-18 07:10:18'),
(624, NULL, 'kong', 'index.php', '2025-09-18 07:10:21'),
(625, NULL, 'kong', 'index.php', '2025-09-18 07:10:21'),
(626, NULL, 'kong', 'index.php', '2025-09-18 07:10:50'),
(627, NULL, 'kong', 'index.php', '2025-09-18 07:10:50'),
(628, NULL, 'kong', 'index.php', '2025-09-18 07:14:05'),
(629, NULL, 'kong', 'index.php', '2025-09-18 07:14:05'),
(630, NULL, 'kong', 'user_dashboard.php', '2025-09-18 07:14:07'),
(631, NULL, 'kong', 'index.php', '2025-09-18 07:14:15'),
(632, NULL, 'kong', 'index.php', '2025-09-18 07:14:15'),
(633, NULL, 'kong', 'user_dashboard.php', '2025-09-18 07:14:17'),
(634, NULL, 'kong', 'index.php', '2025-09-18 07:14:19'),
(635, NULL, 'kong', 'index.php', '2025-09-18 07:14:19'),
(636, NULL, 'kong', 'user_dashboard.php', '2025-09-18 07:14:28'),
(637, NULL, 'kong', 'index.php', '2025-09-18 07:22:31'),
(638, NULL, 'kong', 'index.php', '2025-09-18 07:22:31'),
(639, NULL, 'kong', 'user_dashboard.php', '2025-09-18 07:22:33'),
(640, NULL, 'kong', 'user_dashboard.php', '2025-09-18 07:27:21'),
(641, NULL, 'kong', 'user_dashboard.php', '2025-09-18 07:27:23'),
(642, NULL, 'kong', 'user_dashboard.php', '2025-09-18 07:27:24'),
(643, NULL, 'kong', 'user_dashboard.php', '2025-09-18 07:27:24'),
(644, NULL, 'kong', 'user_dashboard.php', '2025-09-18 07:27:28'),
(645, NULL, 'kong', 'logout', '2025-09-18 07:27:29'),
(646, NULL, 'kong', 'login', '2025-09-18 07:27:49'),
(647, NULL, 'kong', 'user_dashboard.php', '2025-09-18 07:27:49'),
(648, NULL, 'kong', 'user_dashboard.php', '2025-09-18 07:28:27'),
(649, NULL, 'kong', 'user_dashboard.php', '2025-09-18 07:28:30'),
(650, NULL, 'kong', 'user_dashboard.php', '2025-09-18 07:28:30'),
(651, NULL, 'kong', 'user_dashboard.php', '2025-09-18 07:28:31'),
(652, NULL, 'kong', 'user_dashboard.php', '2025-09-18 07:31:42'),
(653, NULL, 'kong', 'user_dashboard.php', '2025-09-18 07:31:43'),
(654, NULL, 'kong', 'user_dashboard.php', '2025-09-18 07:31:44'),
(655, NULL, 'kong', 'user_dashboard.php', '2025-09-18 07:31:44'),
(656, NULL, 'kong', 'user_dashboard.php', '2025-09-18 07:31:44'),
(657, NULL, 'kong', 'user_dashboard.php', '2025-09-18 07:31:45'),
(658, NULL, 'kong', 'user_dashboard.php', '2025-09-18 07:31:45'),
(659, NULL, 'kong', 'user_dashboard.php', '2025-09-18 07:31:45'),
(660, NULL, 'kong', 'user_dashboard.php', '2025-09-18 07:31:45'),
(661, NULL, 'kong', 'user_dashboard.php', '2025-09-18 07:31:45'),
(662, NULL, 'kong', 'user_dashboard.php', '2025-09-18 07:31:45'),
(663, NULL, 'kong', 'user_dashboard.php', '2025-09-18 07:31:46'),
(664, NULL, 'kong', 'user_dashboard.php', '2025-09-18 07:31:46'),
(665, NULL, 'kong', 'user_dashboard.php', '2025-09-18 07:31:46'),
(666, NULL, 'kong', 'user_dashboard.php', '2025-09-18 07:31:46'),
(667, NULL, 'kong', 'user_dashboard.php', '2025-09-18 07:31:47'),
(668, NULL, 'kong', 'user_dashboard.php', '2025-09-18 07:31:47'),
(669, NULL, 'kong', 'user_dashboard.php', '2025-09-18 07:31:47'),
(670, NULL, 'kong', 'user_dashboard.php', '2025-09-18 07:31:47'),
(671, NULL, 'kong', 'user_dashboard.php', '2025-09-18 07:31:47'),
(672, NULL, 'kong', 'user_dashboard.php', '2025-09-18 07:31:48'),
(673, NULL, 'kong', 'user_dashboard.php', '2025-09-18 07:31:48'),
(674, NULL, 'kong', 'logout', '2025-09-18 07:31:54'),
(675, NULL, 'kong', 'login', '2025-09-18 07:31:59'),
(676, NULL, 'kong', 'user_dashboard.php', '2025-09-18 07:31:59'),
(677, NULL, 'kong', 'user_dashboard.php', '2025-09-18 07:32:27'),
(678, NULL, 'kong', 'user_dashboard.php', '2025-09-18 07:32:27'),
(679, NULL, 'kong', 'user_dashboard.php', '2025-09-18 07:32:28'),
(680, NULL, 'kong', 'user_dashboard.php', '2025-09-18 07:32:28'),
(681, NULL, 'kong', 'user_dashboard.php', '2025-09-18 07:32:28'),
(682, NULL, 'kong', 'user_dashboard.php', '2025-09-18 07:32:28'),
(683, NULL, 'kong', 'user_dashboard.php', '2025-09-18 07:32:28'),
(684, NULL, 'kong', 'user_dashboard.php', '2025-09-18 07:32:28'),
(685, NULL, 'kong', 'user_dashboard.php', '2025-09-18 07:32:29'),
(686, NULL, 'kong', 'user_dashboard.php', '2025-09-18 07:32:29'),
(687, NULL, 'kong', 'user_dashboard.php', '2025-09-18 07:32:29'),
(688, NULL, 'kong', 'user_dashboard.php', '2025-09-18 07:32:29'),
(689, NULL, 'kong', 'user_dashboard.php', '2025-09-18 07:32:29'),
(690, NULL, 'kong', 'user_dashboard.php', '2025-09-18 07:32:29'),
(691, NULL, 'kong', 'user_dashboard.php', '2025-09-18 07:32:29'),
(692, NULL, 'kong', 'user_dashboard.php', '2025-09-18 07:32:30'),
(693, NULL, 'kong', 'user_dashboard.php', '2025-09-18 07:32:30'),
(694, NULL, 'kong', 'user_dashboard.php', '2025-09-18 07:32:30'),
(695, NULL, 'kong', 'user_dashboard.php', '2025-09-18 07:32:30'),
(696, NULL, 'kong', 'user_dashboard.php', '2025-09-18 07:32:31'),
(697, NULL, 'kong', 'user_dashboard.php', '2025-09-18 07:32:31'),
(698, NULL, 'kong', 'user_dashboard.php', '2025-09-18 07:32:31'),
(699, NULL, 'kong', 'user_dashboard.php', '2025-09-18 07:32:32'),
(700, NULL, 'kong', 'user_dashboard.php', '2025-09-18 07:32:32'),
(701, NULL, 'kong', 'user_dashboard.php', '2025-09-18 07:32:32'),
(702, NULL, 'kong', 'user_dashboard.php', '2025-09-18 07:32:32'),
(703, NULL, 'kong', 'user_dashboard.php', '2025-09-18 07:32:36'),
(704, NULL, 'kong', 'index.php', '2025-09-18 07:32:37'),
(705, NULL, 'kong', 'index.php', '2025-09-18 07:32:37'),
(706, NULL, 'kong', 'index.php', '2025-09-18 07:32:42'),
(707, NULL, 'kong', 'index.php', '2025-09-18 07:32:42'),
(708, NULL, 'kong', 'user_dashboard.php', '2025-09-18 07:32:44'),
(709, NULL, 'kong', 'user_dashboard.php', '2025-09-18 07:32:54'),
(710, NULL, 'kong', 'user_dashboard.php', '2025-09-18 07:32:55'),
(711, NULL, 'kong', 'user_dashboard.php', '2025-09-18 07:32:55'),
(712, NULL, 'kong', 'user_dashboard.php', '2025-09-18 07:32:55'),
(713, NULL, 'kong', 'user_dashboard.php', '2025-09-18 07:32:55'),
(714, NULL, 'kong', 'user_dashboard.php', '2025-09-18 07:32:55'),
(715, NULL, 'kong', 'user_dashboard.php', '2025-09-18 07:32:55'),
(716, NULL, 'kong', 'login', '2025-09-18 09:10:56'),
(717, NULL, 'kong', 'user_dashboard.php', '2025-09-18 09:10:56'),
(718, NULL, 'kong', 'index.php', '2025-09-18 09:10:57'),
(719, NULL, 'kong', 'index.php', '2025-09-18 09:10:57'),
(720, NULL, 'kong', 'index.php', '2025-09-18 10:14:48'),
(721, NULL, 'kong', 'index.php', '2025-09-18 10:14:48'),
(722, NULL, 'kong', 'index.php', '2025-09-18 10:15:30'),
(723, NULL, 'kong', 'index.php', '2025-09-18 10:15:30'),
(724, NULL, 'kong', 'logout', '2025-09-18 10:15:30'),
(725, NULL, 'supawish', 'login', '2025-09-18 10:15:34'),
(726, NULL, 'supawish', 'login', '2025-09-18 10:15:34'),
(727, NULL, 'supawish', 'index.php', '2025-09-18 10:16:07'),
(728, NULL, 'supawish', 'index.php', '2025-09-18 10:16:07'),
(729, NULL, 'supawish', 'user_dashboard.php', '2025-09-18 10:16:14'),
(730, NULL, 'supawish', 'login', '2025-09-18 10:16:21'),
(731, NULL, 'supawish', 'index.php', '2025-09-19 04:20:00'),
(732, NULL, 'supawish', 'index.php', '2025-09-19 04:20:00'),
(733, NULL, 'kong', 'login', '2025-09-21 08:30:10'),
(734, NULL, 'kong', 'user_dashboard.php', '2025-09-21 08:30:10'),
(735, NULL, 'kong', 'index.php', '2025-09-21 08:30:11'),
(736, NULL, 'kong', 'index.php', '2025-09-21 08:30:11'),
(737, NULL, 'kong', 'login', '2025-09-21 11:55:01'),
(738, NULL, 'kong', 'user_dashboard.php', '2025-09-21 11:55:01'),
(739, NULL, 'kong', 'index.php', '2025-09-21 11:55:03'),
(740, NULL, 'kong', 'index.php', '2025-09-21 11:55:03'),
(741, NULL, 'kong', 'login', '2025-09-22 14:23:21'),
(742, NULL, 'kong', 'user_dashboard.php', '2025-09-22 14:23:21'),
(743, NULL, 'kong', 'index.php', '2025-09-22 14:23:22'),
(744, NULL, 'kong', 'index.php', '2025-09-22 14:23:22'),
(745, NULL, 'kong', 'logout', '2025-09-22 15:21:08'),
(746, NULL, 'kong', 'login', '2025-09-22 15:21:13'),
(747, NULL, 'kong', 'user_dashboard.php', '2025-09-22 15:21:13'),
(748, NULL, 'kong', 'index.php', '2025-09-22 15:21:14'),
(749, NULL, 'kong', 'index.php', '2025-09-22 15:21:14'),
(750, NULL, 'kong', 'logout', '2025-09-23 06:13:07'),
(751, NULL, 'kong', 'login', '2025-09-23 06:13:12'),
(752, NULL, 'kong', 'user_dashboard.php', '2025-09-23 06:13:12'),
(753, NULL, 'kong', 'index.php', '2025-09-23 06:13:14'),
(754, NULL, 'kong', 'index.php', '2025-09-23 06:13:14'),
(755, NULL, 'kong', 'login', '2025-09-24 07:06:29'),
(756, NULL, 'kong', 'user_dashboard.php', '2025-09-24 07:06:29'),
(757, NULL, 'kong', 'index.php', '2025-09-24 07:06:31'),
(758, NULL, 'kong', 'index.php', '2025-09-24 07:06:31'),
(759, NULL, 'kong', 'logout', '2025-09-24 07:07:47'),
(760, NULL, 'kong', 'login', '2025-09-24 09:59:20'),
(761, NULL, 'kong', 'user_dashboard.php', '2025-09-24 09:59:20'),
(762, NULL, 'kong', 'index.php', '2025-09-24 09:59:22'),
(763, NULL, 'kong', 'index.php', '2025-09-24 09:59:22'),
(764, NULL, 'kong', 'login', '2025-10-01 04:31:01'),
(765, NULL, 'kong', 'user_dashboard.php', '2025-10-01 04:31:01'),
(766, NULL, 'kong', 'index.php', '2025-10-01 04:31:03'),
(767, NULL, 'kong', 'index.php', '2025-10-01 04:31:03'),
(768, NULL, 'kong', 'logout', '2025-10-03 06:31:32'),
(769, NULL, 'supawish', 'login', '2025-10-03 06:49:59'),
(770, NULL, 'supawish', 'index.php', '2025-10-03 06:50:00'),
(771, NULL, 'supawish', 'index.php', '2025-10-03 06:50:00'),
(772, NULL, 'supawish', 'logout', '2025-10-03 15:38:14'),
(773, NULL, 'kong', 'login', '2025-10-03 15:38:20'),
(774, NULL, 'kong', 'user_dashboard.php', '2025-10-03 15:38:20'),
(775, NULL, 'kong', 'index.php', '2025-10-03 15:38:22'),
(776, NULL, 'kong', 'index.php', '2025-10-03 15:38:22'),
(777, NULL, 'kong', 'login', '2025-10-04 11:07:00'),
(778, NULL, 'kong', 'user_dashboard.php', '2025-10-04 11:07:00'),
(779, NULL, 'kong', 'index.php', '2025-10-04 11:07:02'),
(780, NULL, 'kong', 'index.php', '2025-10-04 11:07:02'),
(781, NULL, 'kong', 'login', '2025-10-04 11:14:15'),
(782, NULL, 'kong', 'user_dashboard.php', '2025-10-04 11:14:15'),
(783, NULL, 'kong', 'index.php', '2025-10-04 11:14:16'),
(784, NULL, 'kong', 'index.php', '2025-10-04 11:14:16'),
(785, NULL, 'kong', 'index.php', '2025-10-04 13:44:03'),
(786, NULL, 'kong', 'index.php', '2025-10-04 13:44:03'),
(787, NULL, 'kong', 'index.php', '2025-10-04 18:03:31'),
(788, NULL, 'kong', 'index.php', '2025-10-04 18:03:31');

-- --------------------------------------------------------

--
-- Table structure for table `plans`
--

CREATE TABLE `plans` (
  `id` int(11) NOT NULL,
  `floor` int(11) NOT NULL,
  `filename` varchar(255) NOT NULL,
  `uploaded_at` timestamp NOT NULL DEFAULT current_timestamp()
) ENGINE=InnoDB DEFAULT CHARSET=utf8mb4 COLLATE=utf8mb4_unicode_ci;

--
-- Dumping data for table `plans`
--

INSERT INTO `plans` (`id`, `floor`, `filename`, `uploaded_at`) VALUES
(23, 0, '10', '2025-09-12 05:13:40'),
(28, 10, 'floor10_1757654341.jpg', '2025-09-12 05:19:01');

-- --------------------------------------------------------

--
-- Table structure for table `rooms`
--

CREATE TABLE `rooms` (
  `id` int(11) NOT NULL,
  `floor` int(11) NOT NULL,
  `room_number` varchar(20) NOT NULL,
  `room_name` varchar(50) NOT NULL,
  `image` varchar(255) DEFAULT NULL
) ENGINE=InnoDB DEFAULT CHARSET=utf8mb4 COLLATE=utf8mb4_unicode_ci;

--
-- Dumping data for table `rooms`
--

INSERT INTO `rooms` (`id`, `floor`, `room_number`, `room_name`, `image`) VALUES
(1, 10, '', 'โถงหน้าลิฟท์', 'room_1.jpg'),
(2, 10, '', 'โถงทางเดิน', 'room_2.png');

-- --------------------------------------------------------

--
-- Table structure for table `schedule`
--

CREATE TABLE `schedule` (
  `id` int(11) NOT NULL,
  `device_id` varchar(50) DEFAULT NULL,
  `esp_name` varchar(50) DEFAULT NULL,
  `mode` varchar(20) DEFAULT NULL,
  `weekdays` varchar(50) DEFAULT NULL,
  `start_date` date DEFAULT NULL,
  `end_date` date DEFAULT NULL,
  `start_time` time DEFAULT NULL,
  `end_time` time DEFAULT NULL,
  `enabled` tinyint(1) DEFAULT 1,
  `created_at` timestamp NOT NULL DEFAULT current_timestamp()
) ENGINE=InnoDB DEFAULT CHARSET=utf8mb4 COLLATE=utf8mb4_unicode_ci;

--
-- Dumping data for table `schedule`
--

INSERT INTO `schedule` (`id`, `device_id`, `esp_name`, `mode`, `weekdays`, `start_date`, `end_date`, `start_time`, `end_time`, `enabled`, `created_at`) VALUES
(1, 'switch_1', 'ESP32_001', 'on', 'Mon,Tue,Wed,Thu,Fri,Sat,Sun', '2025-10-04', '2025-11-08', '18:37:00', '19:49:00', 1, '2025-09-18 07:54:08'),
(2, 'switch_2', 'ESP32_001', 'on', 'Mon,Tue,Wed,Thu,Fri,Sat,Sun', '2025-10-03', '2025-10-11', '12:23:00', '12:57:00', 1, '2025-09-18 09:35:12'),
(3, 'switch_3', 'ESP32_002', 'on', 'Mon,Tue,Wed,Thu,Fri,Sat,Sun', '2025-10-05', '2025-11-15', '01:58:00', '02:53:00', 1, '2025-09-21 09:00:57'),
(4, 'switch_4', 'ESP32_002', 'on', 'Mon,Tue,Wed,Thu,Fri,Sat,Sun', '2025-09-21', '2025-09-27', '19:31:00', '19:40:00', 1, '2025-09-21 12:12:26');

-- --------------------------------------------------------

--
-- Table structure for table `switches`
--

CREATE TABLE `switches` (
  `id` int(11) NOT NULL,
  `esp_name` varchar(50) NOT NULL DEFAULT 'ESP32_001',
  `ip_address` varchar(50) DEFAULT NULL,
  `gateway` varchar(50) DEFAULT NULL,
  `subnet` varchar(50) DEFAULT NULL,
  `dns` varchar(50) DEFAULT NULL,
  `network_mode` enum('dhcp','static') DEFAULT 'dhcp',
  `room_id` int(11) NOT NULL,
  `switch_name` varchar(50) DEFAULT NULL,
  `gpio_pin` int(11) DEFAULT NULL,
  `status` enum('on','off') DEFAULT 'off',
  `last_seen` datetime DEFAULT NULL
) ENGINE=InnoDB DEFAULT CHARSET=utf8mb4 COLLATE=utf8mb4_unicode_ci;

--
-- Dumping data for table `switches`
--

INSERT INTO `switches` (`id`, `esp_name`, `ip_address`, `gateway`, `subnet`, `dns`, `network_mode`, `room_id`, `switch_name`, `gpio_pin`, `status`, `last_seen`) VALUES
(1, 'ESP32_001', '192.168.31.251', '192.168.31.1', '255.255.255.0', NULL, 'static', 1, 'sw1', 26, 'off', '2025-10-04 19:47:27'),
(2, 'ESP32_001', '192.168.31.251', '192.168.31.1', '255.255.255.0', NULL, 'static', 1, 'sw2', 25, 'off', '2025-10-04 19:47:27'),
(3, 'ESP32_002', '172.20.10.12', '172.20.10.1', '255.255.255.0', '', 'static', 2, 'sw1', 26, 'off', '2025-10-05 02:01:59'),
(4, 'ESP32_002', '172.20.10.12', '172.20.10.1', '255.255.255.0', '', 'static', 2, 'sw2', 25, 'off', '2025-10-05 02:01:59');

-- --------------------------------------------------------

--
-- Table structure for table `switch_logs`
--

CREATE TABLE `switch_logs` (
  `id` int(11) NOT NULL,
  `switch_id` int(11) NOT NULL,
  `room_id` int(11) NOT NULL,
  `status` enum('on','off') NOT NULL,
  `created_at` timestamp NOT NULL DEFAULT current_timestamp()
) ENGINE=InnoDB DEFAULT CHARSET=utf8mb4 COLLATE=utf8mb4_unicode_ci;

--
-- Dumping data for table `switch_logs`
--

INSERT INTO `switch_logs` (`id`, `switch_id`, `room_id`, `status`, `created_at`) VALUES
(1, 1, 1, 'on', '2025-09-09 06:27:01'),
(2, 1, 1, 'off', '2025-09-09 06:27:02'),
(3, 2, 1, 'on', '2025-09-09 06:27:02'),
(4, 2, 1, 'off', '2025-09-09 06:27:03'),
(5, 1, 1, 'on', '2025-09-09 06:27:07'),
(6, 1, 1, 'off', '2025-09-09 06:27:22'),
(7, 2, 1, 'on', '2025-09-09 06:27:36'),
(8, 2, 1, 'off', '2025-09-09 06:27:45'),
(9, 3, 2, 'on', '2025-09-09 06:36:31'),
(10, 3, 2, 'off', '2025-09-09 06:36:52'),
(11, 4, 2, 'on', '2025-09-09 06:37:51'),
(12, 4, 2, 'off', '2025-09-09 06:37:53'),
(13, 3, 2, 'on', '2025-09-09 06:38:06'),
(14, 3, 2, 'off', '2025-09-09 06:38:07'),
(15, 3, 2, 'on', '2025-09-09 06:38:08'),
(16, 3, 2, 'off', '2025-09-09 06:38:09'),
(17, 1, 1, 'on', '2025-09-11 04:50:03'),
(18, 1, 1, 'off', '2025-09-11 04:50:04'),
(19, 1, 1, 'on', '2025-09-11 05:52:21'),
(20, 1, 1, 'off', '2025-09-11 05:52:22'),
(21, 1, 1, 'on', '2025-09-11 05:57:22'),
(22, 1, 1, 'off', '2025-09-11 05:57:23'),
(23, 2, 1, 'on', '2025-09-11 05:57:23'),
(24, 2, 1, 'off', '2025-09-11 05:57:24'),
(25, 1, 1, 'on', '2025-09-11 05:57:26'),
(26, 2, 1, 'on', '2025-09-11 05:57:27'),
(27, 1, 1, 'off', '2025-09-11 05:57:37'),
(28, 2, 1, 'off', '2025-09-11 05:57:41'),
(29, 1, 1, 'on', '2025-09-11 05:58:08'),
(30, 1, 1, 'off', '2025-09-11 05:58:09'),
(31, 1, 1, 'on', '2025-09-11 05:58:15'),
(32, 1, 1, 'off', '2025-09-11 05:58:15'),
(33, 1, 1, 'on', '2025-09-11 10:13:05'),
(34, 1, 1, 'off', '2025-09-11 10:13:07'),
(35, 1, 1, 'on', '2025-09-11 10:13:10'),
(36, 1, 1, 'off', '2025-09-11 10:13:12'),
(37, 1, 1, 'on', '2025-09-11 10:13:14'),
(38, 1, 1, 'off', '2025-09-11 10:13:16'),
(39, 1, 1, 'on', '2025-09-11 10:28:25'),
(40, 1, 1, 'off', '2025-09-11 10:28:27'),
(41, 2, 1, 'on', '2025-09-11 10:28:28'),
(42, 2, 1, 'off', '2025-09-11 10:28:29'),
(43, 2, 1, 'on', '2025-09-11 10:28:30'),
(44, 2, 1, 'off', '2025-09-11 10:28:31'),
(45, 1, 1, 'on', '2025-09-11 11:00:11'),
(46, 1, 1, 'off', '2025-09-11 11:00:12'),
(47, 1, 1, 'on', '2025-09-11 11:22:13'),
(48, 1, 1, 'off', '2025-09-11 11:22:14'),
(49, 1, 1, 'on', '2025-09-11 11:22:16'),
(50, 1, 1, 'off', '2025-09-11 11:22:16'),
(51, 2, 1, 'on', '2025-09-11 11:22:17'),
(52, 2, 1, 'off', '2025-09-11 11:22:18'),
(53, 1, 1, 'on', '2025-09-11 11:56:04'),
(54, 1, 1, 'off', '2025-09-11 11:56:05'),
(55, 1, 1, 'on', '2025-09-11 11:56:06'),
(56, 1, 1, 'off', '2025-09-11 11:56:06'),
(57, 1, 1, 'on', '2025-09-11 11:56:07'),
(58, 1, 1, 'off', '2025-09-11 11:56:08'),
(59, 1, 1, 'on', '2025-09-11 11:57:10'),
(60, 1, 1, 'off', '2025-09-11 11:57:11'),
(61, 1, 1, 'on', '2025-09-11 11:57:35'),
(62, 1, 1, 'off', '2025-09-11 11:57:36'),
(63, 1, 1, 'on', '2025-09-11 11:57:57'),
(64, 1, 1, 'off', '2025-09-11 11:57:58'),
(65, 1, 1, 'on', '2025-09-11 11:59:09'),
(66, 1, 1, 'off', '2025-09-11 11:59:10'),
(67, 1, 1, 'on', '2025-09-11 13:59:06'),
(68, 1, 1, 'off', '2025-09-11 13:59:07'),
(69, 1, 1, 'on', '2025-09-12 05:26:31'),
(70, 1, 1, 'off', '2025-09-12 05:26:37'),
(71, 3, 2, 'on', '2025-09-13 04:05:10'),
(72, 3, 2, 'off', '2025-09-13 04:05:16'),
(73, 3, 2, 'on', '2025-09-13 04:05:18'),
(74, 3, 2, 'off', '2025-09-13 04:05:19'),
(75, 4, 2, 'on', '2025-09-13 04:05:21'),
(76, 4, 2, 'off', '2025-09-13 04:05:23'),
(77, 4, 2, 'on', '2025-09-13 04:05:45'),
(78, 4, 2, 'off', '2025-09-13 04:05:46'),
(79, 4, 2, 'on', '2025-09-13 04:05:48'),
(80, 4, 2, 'off', '2025-09-13 04:05:49'),
(81, 4, 2, 'on', '2025-09-13 04:05:51'),
(82, 4, 2, 'off', '2025-09-13 04:05:52'),
(83, 3, 2, 'on', '2025-09-13 04:08:51'),
(84, 3, 2, 'off', '2025-09-13 04:08:52'),
(85, 3, 2, 'on', '2025-09-13 04:09:18'),
(86, 3, 2, 'off', '2025-09-13 04:09:22'),
(87, 4, 2, 'on', '2025-09-13 04:09:34'),
(88, 4, 2, 'off', '2025-09-13 04:09:35'),
(89, 1, 1, 'on', '2025-09-13 04:12:58'),
(90, 1, 1, 'off', '2025-09-13 04:13:04'),
(91, 2, 1, 'on', '2025-09-13 04:13:06'),
(92, 2, 1, 'off', '2025-09-13 04:13:09'),
(93, 2, 1, 'on', '2025-09-13 04:13:11'),
(94, 2, 1, 'off', '2025-09-13 04:13:13'),
(95, 1, 1, 'on', '2025-09-13 04:13:15'),
(96, 1, 1, 'off', '2025-09-13 04:13:16'),
(97, 1, 1, 'on', '2025-09-13 04:13:42'),
(98, 1, 1, 'off', '2025-09-13 04:13:43'),
(99, 1, 1, 'on', '2025-09-13 06:27:29'),
(100, 1, 1, 'off', '2025-09-13 06:27:35'),
(101, 2, 1, 'on', '2025-09-13 06:27:46'),
(102, 2, 1, 'off', '2025-09-13 06:27:48'),
(103, 2, 1, 'on', '2025-09-13 06:27:52'),
(104, 2, 1, 'off', '2025-09-13 06:27:53'),
(105, 2, 1, 'on', '2025-09-13 06:27:55'),
(106, 2, 1, 'off', '2025-09-13 06:27:56'),
(107, 1, 1, 'on', '2025-09-13 06:37:29'),
(108, 1, 1, 'off', '2025-09-13 06:37:31'),
(109, 1, 1, 'on', '2025-09-13 06:37:32'),
(110, 1, 1, 'off', '2025-09-13 06:37:34'),
(111, 1, 1, 'on', '2025-09-16 14:48:02'),
(112, 1, 1, 'off', '2025-09-16 14:48:03'),
(113, 1, 1, 'on', '2025-09-16 14:48:04'),
(114, 1, 1, 'off', '2025-09-16 14:48:05'),
(115, 1, 1, 'on', '2025-09-18 04:45:37'),
(116, 1, 1, 'off', '2025-09-18 04:45:43'),
(117, 2, 1, 'on', '2025-09-18 04:49:43'),
(118, 2, 1, 'off', '2025-09-18 04:49:44'),
(119, 3, 2, 'on', '2025-09-18 06:29:08'),
(120, 3, 2, 'off', '2025-09-18 06:37:47'),
(121, 1, 1, 'on', '2025-09-18 06:48:21'),
(122, 1, 1, 'off', '2025-09-18 06:48:23'),
(123, 1, 1, 'on', '2025-09-18 06:48:25'),
(124, 1, 1, 'off', '2025-09-18 06:48:30'),
(125, 2, 1, 'on', '2025-09-18 06:48:31'),
(126, 2, 1, 'off', '2025-09-18 06:48:33'),
(127, 1, 1, 'on', '2025-09-18 09:03:30'),
(128, 1, 1, 'on', '2025-09-18 09:03:30'),
(129, 1, 1, 'off', '2025-09-18 09:03:40'),
(130, 1, 1, 'off', '2025-09-18 09:03:42'),
(131, 2, 1, 'on', '2025-09-18 09:03:51'),
(132, 2, 1, 'on', '2025-09-18 09:03:56'),
(133, 2, 1, 'off', '2025-09-18 09:04:00'),
(134, 2, 1, 'off', '2025-09-18 09:04:02'),
(135, 1, 1, 'on', '2025-09-18 09:05:50'),
(136, 1, 1, 'on', '2025-09-18 09:05:53'),
(137, 1, 1, 'off', '2025-09-18 09:05:54'),
(138, 1, 1, 'off', '2025-09-18 09:05:54'),
(139, 1, 1, 'on', '2025-09-18 09:07:16'),
(140, 1, 1, 'on', '2025-09-18 09:07:17'),
(141, 1, 1, 'off', '2025-09-18 09:07:22'),
(142, 1, 1, 'off', '2025-09-18 09:07:23'),
(143, 1, 1, 'on', '2025-09-18 09:14:31'),
(144, 1, 1, 'on', '2025-09-18 09:14:35'),
(145, 1, 1, 'off', '2025-09-18 09:14:44'),
(146, 1, 1, 'off', '2025-09-18 09:14:44'),
(147, 1, 1, 'on', '2025-09-18 09:15:30'),
(148, 1, 1, 'off', '2025-09-18 09:15:49'),
(149, 1, 1, 'off', '2025-09-18 09:15:50'),
(150, 1, 1, 'on', '2025-09-18 09:20:50'),
(151, 1, 1, 'off', '2025-09-18 09:22:02'),
(152, 1, 1, 'on', '2025-09-18 09:28:02'),
(153, 2, 1, 'on', '2025-09-18 09:37:01'),
(154, 1, 1, 'off', '2025-09-18 09:37:02'),
(155, 2, 1, 'on', '2025-09-19 04:19:38'),
(156, 2, 1, 'off', '2025-09-19 04:20:05'),
(157, 2, 1, 'off', '2025-09-19 04:20:05'),
(158, 4, 2, 'on', '2025-09-19 04:20:34'),
(159, 4, 2, 'off', '2025-09-19 04:23:21'),
(160, 3, 2, 'on', '2025-09-19 04:24:20'),
(161, 3, 2, 'off', '2025-09-19 04:24:24'),
(162, 3, 2, 'on', '2025-09-19 04:24:25'),
(163, 3, 2, 'off', '2025-09-19 04:36:04'),
(164, 1, 1, 'on', '2025-09-19 05:16:41'),
(165, 2, 1, 'on', '2025-09-19 05:17:32'),
(166, 1, 1, 'off', '2025-09-19 05:26:42'),
(167, 2, 1, 'off', '2025-09-19 05:26:43'),
(168, 1, 1, 'on', '2025-09-19 05:34:16'),
(169, 1, 1, 'on', '2025-09-19 05:34:16'),
(170, 1, 1, 'off', '2025-09-19 05:34:30'),
(171, 1, 1, 'off', '2025-09-19 05:34:31'),
(172, 3, 2, 'on', '2025-09-21 08:30:16'),
(173, 3, 2, 'off', '2025-09-21 08:30:17'),
(174, 3, 2, 'on', '2025-09-21 08:35:27'),
(175, 3, 2, 'off', '2025-09-21 08:35:59'),
(176, 4, 2, 'on', '2025-09-21 08:36:00'),
(177, 3, 2, 'on', '2025-09-21 08:36:00'),
(178, 3, 2, 'off', '2025-09-21 08:44:00'),
(179, 4, 2, 'off', '2025-09-21 08:44:03'),
(180, 4, 2, 'on', '2025-09-21 08:44:05'),
(181, 4, 2, 'off', '2025-09-21 08:44:09'),
(182, 3, 2, 'on', '2025-09-21 08:56:34'),
(183, 3, 2, 'on', '2025-09-21 08:59:34'),
(184, 3, 2, 'off', '2025-09-21 08:59:51'),
(185, 3, 2, 'off', '2025-09-21 08:59:52'),
(186, 3, 2, 'on', '2025-09-21 09:02:55'),
(187, 3, 2, 'on', '2025-09-21 09:02:55'),
(188, 3, 2, 'off', '2025-09-21 09:03:02'),
(189, 3, 2, 'off', '2025-09-21 09:03:02'),
(190, 3, 2, 'on', '2025-09-21 11:55:06'),
(191, 3, 2, 'on', '2025-09-21 11:55:06'),
(192, 3, 2, 'off', '2025-09-21 11:55:16'),
(193, 3, 2, 'off', '2025-09-21 11:55:17'),
(194, 3, 2, 'on', '2025-09-21 11:58:03'),
(195, 3, 2, 'off', '2025-09-21 11:59:01'),
(196, 3, 2, 'on', '2025-09-21 12:00:29'),
(197, 3, 2, 'on', '2025-09-21 12:00:31'),
(198, 3, 2, 'off', '2025-09-21 12:01:00'),
(199, 3, 2, 'off', '2025-09-21 12:01:04'),
(200, 3, 2, 'on', '2025-09-21 12:03:48'),
(201, 3, 2, 'off', '2025-09-21 12:06:03'),
(202, 4, 2, 'on', '2025-09-21 12:14:02'),
(203, 4, 2, 'off', '2025-09-21 12:18:05'),
(204, 4, 2, 'on', '2025-09-21 12:31:02'),
(205, 4, 2, 'off', '2025-09-21 12:40:09'),
(206, 1, 1, 'on', '2025-09-22 14:27:28'),
(207, 1, 1, 'off', '2025-09-22 14:27:29'),
(208, 1, 1, 'on', '2025-09-22 14:49:17'),
(209, 1, 1, 'on', '2025-09-22 14:49:17'),
(210, 1, 1, 'off', '2025-09-22 14:49:22'),
(211, 1, 1, 'off', '2025-09-22 14:49:23'),
(212, 1, 1, 'on', '2025-09-22 14:49:40'),
(213, 1, 1, 'on', '2025-09-22 14:49:41'),
(214, 1, 1, 'off', '2025-09-22 14:49:47'),
(215, 1, 1, 'off', '2025-09-22 14:49:49'),
(216, 1, 1, 'on', '2025-09-22 14:49:54'),
(217, 1, 1, 'on', '2025-09-22 14:49:55'),
(218, 1, 1, 'off', '2025-09-22 14:49:57'),
(219, 1, 1, 'off', '2025-09-22 14:49:57'),
(220, 1, 1, 'on', '2025-09-22 14:51:08'),
(221, 1, 1, 'off', '2025-09-22 14:51:09'),
(222, 2, 1, 'on', '2025-09-22 14:51:11'),
(223, 2, 1, 'off', '2025-09-22 14:51:12'),
(224, 1, 1, 'on', '2025-09-22 15:24:17'),
(225, 1, 1, 'off', '2025-09-22 15:24:17'),
(226, 2, 1, 'on', '2025-09-22 15:24:19'),
(227, 2, 1, 'off', '2025-09-22 15:24:19'),
(228, 1, 1, 'on', '2025-09-22 15:24:20'),
(229, 1, 1, 'off', '2025-09-22 15:24:20'),
(230, 2, 1, 'on', '2025-09-22 15:24:21'),
(231, 2, 1, 'off', '2025-09-22 15:24:21'),
(232, 1, 1, 'on', '2025-09-22 15:24:22'),
(233, 1, 1, 'off', '2025-09-22 15:24:23'),
(234, 2, 1, 'on', '2025-09-22 15:24:23'),
(235, 2, 1, 'off', '2025-09-22 15:24:24'),
(236, 1, 1, 'on', '2025-09-22 16:19:48'),
(237, 1, 1, 'on', '2025-09-22 16:19:49'),
(238, 1, 1, 'off', '2025-09-22 16:19:50'),
(239, 1, 1, 'off', '2025-09-22 16:19:51'),
(240, 1, 1, 'on', '2025-09-22 16:19:51'),
(241, 1, 1, 'on', '2025-09-22 16:19:53'),
(242, 1, 1, 'off', '2025-09-22 16:20:34'),
(243, 1, 1, 'off', '2025-09-22 16:20:35'),
(244, 1, 1, 'on', '2025-09-22 16:21:27'),
(245, 1, 1, 'off', '2025-09-22 16:21:28'),
(246, 1, 1, 'on', '2025-09-22 16:21:28'),
(247, 1, 1, 'on', '2025-09-22 16:23:26'),
(248, 1, 1, 'on', '2025-09-22 16:24:58'),
(249, 1, 1, 'off', '2025-09-22 16:25:37'),
(250, 1, 1, 'off', '2025-09-22 16:25:42'),
(251, 2, 1, 'on', '2025-09-22 16:27:41'),
(252, 2, 1, 'off', '2025-09-22 16:27:42'),
(253, 2, 1, 'on', '2025-09-22 16:28:16'),
(254, 2, 1, 'on', '2025-09-22 16:28:18'),
(255, 2, 1, 'off', '2025-09-22 16:28:23'),
(256, 1, 1, 'on', '2025-09-22 16:28:39'),
(257, 1, 1, 'off', '2025-09-22 16:35:04'),
(258, 1, 1, 'on', '2025-09-22 16:39:00'),
(259, 1, 1, 'off', '2025-09-22 16:44:02'),
(260, 2, 1, 'on', '2025-09-22 16:54:03'),
(261, 2, 1, 'off', '2025-09-22 16:59:03'),
(262, 1, 1, 'on', '2025-09-22 17:03:07'),
(263, 1, 1, 'on', '2025-09-22 17:03:09'),
(264, 1, 1, 'off', '2025-09-22 17:03:17'),
(265, 1, 1, 'off', '2025-09-22 17:03:20'),
(266, 1, 1, 'on', '2025-09-23 06:12:44'),
(267, 1, 1, 'off', '2025-09-23 06:12:45'),
(268, 1, 1, 'on', '2025-09-23 06:12:48'),
(269, 1, 1, 'off', '2025-09-23 06:13:03'),
(270, 1, 1, 'on', '2025-09-23 06:13:16'),
(271, 1, 1, 'off', '2025-09-23 06:13:17'),
(272, 1, 1, 'on', '2025-09-23 06:33:04'),
(273, 1, 1, 'on', '2025-09-23 06:33:06'),
(274, 2, 1, 'on', '2025-09-23 06:33:34'),
(275, 2, 1, 'on', '2025-09-23 06:33:35'),
(276, 1, 1, 'off', '2025-09-23 06:33:55'),
(277, 2, 1, 'off', '2025-09-23 06:33:56'),
(278, 1, 1, 'off', '2025-09-23 06:33:58'),
(279, 2, 1, 'off', '2025-09-23 06:33:58'),
(280, 1, 1, 'on', '2025-09-23 06:37:28'),
(281, 1, 1, 'off', '2025-09-23 06:37:52'),
(282, 1, 1, 'on', '2025-09-23 06:38:00'),
(283, 1, 1, 'off', '2025-09-23 06:40:05'),
(284, 1, 1, 'on', '2025-09-23 07:47:59'),
(285, 1, 1, 'off', '2025-09-23 07:56:00'),
(286, 1, 1, 'on', '2025-09-24 07:03:13'),
(287, 1, 1, 'off', '2025-09-24 07:03:14'),
(288, 1, 1, 'on', '2025-09-24 07:03:16'),
(289, 1, 1, 'off', '2025-09-24 07:03:17'),
(290, 1, 1, 'on', '2025-09-24 09:51:35'),
(291, 1, 1, 'on', '2025-09-24 09:51:42'),
(292, 1, 1, 'off', '2025-09-24 09:51:48'),
(293, 1, 1, 'off', '2025-09-24 09:51:48'),
(294, 2, 1, 'on', '2025-09-24 09:53:00'),
(295, 2, 1, 'on', '2025-09-24 09:53:08'),
(296, 2, 1, 'off', '2025-09-24 09:58:19'),
(297, 1, 1, 'on', '2025-09-24 09:59:54'),
(298, 1, 1, 'on', '2025-09-24 09:59:57'),
(299, 1, 1, 'off', '2025-09-24 10:00:03'),
(300, 1, 1, 'off', '2025-09-24 10:00:09'),
(301, 1, 1, 'on', '2025-09-24 10:14:03'),
(302, 1, 1, 'off', '2025-09-24 10:14:04'),
(303, 2, 1, 'on', '2025-09-24 10:14:05'),
(304, 2, 1, 'off', '2025-09-24 10:14:07'),
(305, 1, 1, 'on', '2025-09-24 10:14:24'),
(306, 1, 1, 'on', '2025-09-24 10:14:27'),
(307, 1, 1, 'off', '2025-09-24 10:15:06'),
(308, 1, 1, 'off', '2025-09-24 10:15:12'),
(309, 1, 1, 'on', '2025-09-24 10:20:03'),
(310, 1, 1, 'on', '2025-09-24 10:20:13'),
(311, 1, 1, 'off', '2025-09-24 10:22:13'),
(312, 1, 1, 'off', '2025-09-24 10:22:18'),
(313, 1, 1, 'on', '2025-09-25 04:03:52'),
(314, 1, 1, 'off', '2025-09-25 04:03:54'),
(315, 1, 1, 'on', '2025-09-25 04:13:00'),
(316, 1, 1, 'off', '2025-09-25 04:13:01'),
(317, 1, 1, 'on', '2025-09-25 04:13:02'),
(318, 1, 1, 'off', '2025-09-25 04:13:10'),
(319, 1, 1, 'on', '2025-09-25 04:13:11'),
(320, 1, 1, 'off', '2025-09-25 04:13:12'),
(321, 2, 1, 'on', '2025-09-25 04:13:14'),
(322, 2, 1, 'off', '2025-09-25 04:13:16'),
(323, 1, 1, 'off', '2025-09-25 04:13:16'),
(324, 2, 1, 'on', '2025-09-25 04:13:20'),
(325, 2, 1, 'off', '2025-09-25 04:13:22'),
(326, 1, 1, 'on', '2025-09-25 04:13:39'),
(327, 1, 1, 'off', '2025-09-25 04:13:44'),
(328, 1, 1, 'on', '2025-09-25 04:13:45'),
(329, 1, 1, 'off', '2025-09-25 04:13:46'),
(330, 1, 1, 'on', '2025-09-25 04:13:47'),
(331, 1, 1, 'off', '2025-09-25 04:13:48'),
(332, 1, 1, 'on', '2025-09-25 04:13:49'),
(333, 1, 1, 'off', '2025-09-25 04:13:50'),
(334, 1, 1, 'on', '2025-09-25 04:13:51'),
(335, 1, 1, 'off', '2025-09-25 04:13:51'),
(336, 2, 1, 'on', '2025-09-25 04:13:53'),
(337, 2, 1, 'off', '2025-09-25 04:13:54'),
(338, 2, 1, 'on', '2025-09-25 04:13:54'),
(339, 2, 1, 'off', '2025-09-25 04:13:54'),
(340, 2, 1, 'on', '2025-09-25 04:13:55'),
(341, 2, 1, 'off', '2025-09-25 04:13:57'),
(342, 1, 1, 'on', '2025-09-25 04:13:58'),
(343, 1, 1, 'off', '2025-09-25 04:13:59'),
(344, 2, 1, 'off', '2025-09-25 04:14:05'),
(345, 1, 1, 'on', '2025-09-25 04:14:08'),
(346, 1, 1, 'on', '2025-09-25 04:14:12'),
(347, 1, 1, 'off', '2025-09-25 04:14:14'),
(348, 1, 1, 'off', '2025-09-25 04:14:22'),
(349, 2, 1, 'on', '2025-09-25 04:14:25'),
(350, 2, 1, 'on', '2025-09-25 04:14:31'),
(351, 2, 1, 'off', '2025-09-25 04:15:36'),
(352, 2, 1, 'off', '2025-09-25 04:15:45'),
(353, 1, 1, 'on', '2025-09-25 04:23:55'),
(354, 1, 1, 'on', '2025-09-25 04:24:04'),
(355, 1, 1, 'off', '2025-09-25 04:24:05'),
(356, 1, 1, 'off', '2025-09-25 04:24:13'),
(357, 1, 1, 'on', '2025-09-25 04:27:03'),
(358, 1, 1, 'on', '2025-09-25 04:27:06'),
(359, 1, 1, 'off', '2025-09-25 04:27:08'),
(360, 1, 1, 'off', '2025-09-25 04:27:15'),
(361, 1, 1, 'on', '2025-09-25 05:24:28'),
(362, 1, 1, 'on', '2025-09-25 05:24:30'),
(363, 1, 1, 'off', '2025-09-25 05:24:32'),
(364, 1, 1, 'off', '2025-09-25 05:24:38'),
(365, 1, 1, 'on', '2025-09-25 05:24:42'),
(366, 1, 1, 'on', '2025-09-25 05:24:44'),
(367, 1, 1, 'off', '2025-09-25 05:24:47'),
(368, 1, 1, 'off', '2025-09-25 05:24:51'),
(369, 2, 1, 'on', '2025-09-25 05:24:55'),
(370, 2, 1, 'on', '2025-09-25 05:25:00'),
(371, 2, 1, 'off', '2025-09-25 05:25:03'),
(372, 2, 1, 'off', '2025-09-25 05:25:07'),
(373, 1, 1, 'on', '2025-09-25 05:32:41'),
(374, 2, 1, 'on', '2025-09-25 05:32:43'),
(375, 1, 1, 'off', '2025-09-25 05:32:45'),
(376, 2, 1, 'off', '2025-09-25 05:32:49'),
(377, 1, 1, 'on', '2025-09-25 05:34:27'),
(378, 2, 1, 'on', '2025-09-25 05:34:28'),
(379, 1, 1, 'off', '2025-09-25 05:34:32'),
(380, 2, 1, 'off', '2025-09-25 05:34:34'),
(381, 1, 1, 'on', '2025-09-25 05:34:54'),
(382, 1, 1, 'off', '2025-09-25 05:34:55'),
(383, 2, 1, 'on', '2025-09-25 05:34:56'),
(384, 2, 1, 'off', '2025-09-25 05:35:00'),
(385, 1, 1, 'on', '2025-09-25 05:35:25'),
(386, 1, 1, 'on', '2025-09-25 05:35:31'),
(387, 1, 1, 'off', '2025-09-25 05:35:37'),
(388, 1, 1, 'on', '2025-09-25 05:35:39'),
(389, 1, 1, 'off', '2025-09-25 05:35:39'),
(390, 2, 1, 'on', '2025-09-25 05:35:48'),
(391, 2, 1, 'off', '2025-09-25 05:35:51'),
(392, 1, 1, 'on', '2025-09-25 05:35:51'),
(393, 2, 1, 'on', '2025-09-25 05:35:52'),
(394, 1, 1, 'on', '2025-09-25 05:36:00'),
(395, 1, 1, 'off', '2025-09-25 05:36:01'),
(396, 2, 1, 'on', '2025-09-25 05:36:03'),
(397, 1, 1, 'off', '2025-09-25 05:36:12'),
(398, 2, 1, 'off', '2025-09-25 05:36:12'),
(399, 2, 1, 'off', '2025-09-25 05:36:16'),
(400, 1, 1, 'on', '2025-09-25 05:41:54'),
(401, 1, 1, 'off', '2025-09-25 05:42:04'),
(402, 1, 1, 'on', '2025-09-25 05:53:44'),
(403, 2, 1, 'on', '2025-09-25 05:53:46'),
(404, 1, 1, 'on', '2025-09-25 05:53:48'),
(405, 1, 1, 'off', '2025-09-25 05:53:50'),
(406, 2, 1, 'off', '2025-09-25 05:53:51'),
(407, 1, 1, 'off', '2025-09-25 05:53:57'),
(408, 1, 1, 'on', '2025-09-25 05:53:59'),
(409, 1, 1, 'on', '2025-09-25 05:54:03'),
(410, 2, 1, 'on', '2025-09-25 05:54:04'),
(411, 2, 1, 'on', '2025-09-25 05:54:09'),
(412, 1, 1, 'off', '2025-09-25 05:54:13'),
(413, 1, 1, 'off', '2025-09-25 05:54:19'),
(414, 2, 1, 'off', '2025-09-25 05:54:21'),
(415, 2, 1, 'off', '2025-09-25 05:54:28'),
(416, 1, 1, 'on', '2025-09-25 06:07:00'),
(417, 2, 1, 'on', '2025-09-25 06:07:06'),
(418, 1, 1, 'off', '2025-09-25 06:07:10'),
(419, 2, 1, 'off', '2025-09-25 06:07:13'),
(420, 1, 1, 'on', '2025-09-25 06:13:04'),
(421, 1, 1, 'off', '2025-09-25 06:13:04'),
(422, 1, 1, 'on', '2025-09-25 06:13:15'),
(423, 2, 1, 'on', '2025-09-25 06:13:16'),
(424, 1, 1, 'off', '2025-09-25 06:14:03'),
(425, 2, 1, 'off', '2025-09-25 06:14:05'),
(426, 1, 1, 'on', '2025-09-25 06:15:53'),
(427, 2, 1, 'on', '2025-09-25 06:15:54'),
(428, 1, 1, 'off', '2025-09-25 06:15:57'),
(429, 2, 1, 'off', '2025-09-25 06:16:02'),
(430, 2, 1, 'on', '2025-09-25 06:16:03'),
(431, 1, 1, 'on', '2025-09-25 06:16:19'),
(432, 1, 1, 'on', '2025-09-25 06:16:21'),
(433, 2, 1, 'off', '2025-09-25 06:16:22'),
(434, 1, 1, 'off', '2025-09-25 06:16:25'),
(435, 2, 1, 'off', '2025-09-25 06:16:27'),
(436, 1, 1, 'off', '2025-09-25 06:16:31'),
(437, 1, 1, 'on', '2025-09-25 06:19:24'),
(438, 2, 1, 'on', '2025-09-25 06:19:25'),
(439, 1, 1, 'on', '2025-09-25 06:19:27'),
(440, 1, 1, 'off', '2025-09-25 06:19:36'),
(441, 2, 1, 'on', '2025-09-25 06:19:36'),
(442, 1, 1, 'off', '2025-09-25 06:19:39'),
(443, 2, 1, 'off', '2025-09-25 06:19:39'),
(444, 2, 1, 'off', '2025-09-25 06:19:48'),
(445, 1, 1, 'on', '2025-09-25 06:27:16'),
(446, 1, 1, 'on', '2025-09-25 06:27:19'),
(447, 2, 1, 'on', '2025-09-25 06:27:19'),
(448, 2, 1, 'on', '2025-09-25 06:27:28'),
(449, 1, 1, 'off', '2025-09-25 06:27:50'),
(450, 1, 1, 'off', '2025-09-25 06:27:50'),
(451, 2, 1, 'off', '2025-09-25 06:27:52'),
(452, 2, 1, 'off', '2025-09-25 06:27:59'),
(453, 1, 1, 'on', '2025-09-25 06:28:33'),
(454, 1, 1, 'on', '2025-09-25 06:28:39'),
(455, 1, 1, 'off', '2025-09-25 06:31:10'),
(456, 1, 1, 'on', '2025-09-25 06:31:46'),
(457, 2, 1, 'on', '2025-09-25 06:31:50'),
(458, 1, 1, 'on', '2025-09-25 06:31:54'),
(459, 2, 1, 'on', '2025-09-25 06:32:00'),
(460, 1, 1, 'off', '2025-09-25 06:36:56'),
(461, 2, 1, 'off', '2025-09-25 06:37:02'),
(462, 1, 1, 'on', '2025-09-25 06:37:27'),
(463, 2, 1, 'on', '2025-09-25 06:37:29'),
(464, 1, 1, 'on', '2025-09-25 06:37:34'),
(465, 2, 1, 'on', '2025-09-25 06:37:41'),
(466, 1, 1, 'off', '2025-09-25 07:00:52'),
(467, 2, 1, 'off', '2025-09-25 07:00:53'),
(468, 2, 1, 'off', '2025-09-25 07:11:50'),
(469, 1, 1, 'off', '2025-09-25 07:11:50'),
(470, 1, 1, 'on', '2025-09-25 07:19:20'),
(471, 1, 1, 'on', '2025-09-25 07:19:29'),
(472, 2, 1, 'on', '2025-09-25 07:19:31'),
(473, 2, 1, 'on', '2025-09-25 07:19:35'),
(474, 2, 1, 'off', '2025-09-25 07:19:39'),
(475, 1, 1, 'off', '2025-09-25 07:19:41'),
(476, 2, 1, 'off', '2025-09-25 07:19:43'),
(477, 1, 1, 'off', '2025-09-25 07:19:43'),
(478, 1, 1, 'on', '2025-09-25 07:19:53'),
(479, 2, 1, 'on', '2025-09-25 07:19:56'),
(480, 2, 1, 'on', '2025-09-25 07:20:00'),
(481, 1, 1, 'on', '2025-09-25 07:20:02'),
(482, 1, 1, 'off', '2025-09-25 07:23:13'),
(483, 2, 1, 'off', '2025-09-25 07:23:18'),
(484, 2, 1, 'off', '2025-09-25 07:23:19'),
(485, 1, 1, 'off', '2025-09-25 07:23:20'),
(486, 1, 1, 'on', '2025-09-25 07:29:20'),
(487, 1, 1, 'on', '2025-09-25 07:29:23'),
(488, 1, 1, 'off', '2025-09-25 07:29:25'),
(489, 1, 1, 'off', '2025-09-25 07:29:27'),
(490, 2, 1, 'on', '2025-09-25 07:29:29'),
(491, 2, 1, 'on', '2025-09-25 07:29:32'),
(492, 2, 1, 'off', '2025-09-25 07:34:15'),
(493, 2, 1, 'off', '2025-09-25 07:34:16'),
(494, 1, 1, 'on', '2025-09-25 07:44:18'),
(495, 2, 1, 'on', '2025-09-25 07:44:28'),
(496, 1, 1, 'off', '2025-09-25 07:44:54'),
(497, 2, 1, 'off', '2025-09-25 07:44:55'),
(498, 1, 1, 'on', '2025-09-25 07:44:57'),
(499, 2, 1, 'on', '2025-09-25 07:44:58'),
(500, 2, 1, 'on', '2025-09-25 07:44:59'),
(501, 1, 1, 'on', '2025-09-25 07:45:01'),
(502, 1, 1, 'off', '2025-09-25 07:45:03'),
(503, 2, 1, 'off', '2025-09-25 07:45:08'),
(504, 1, 1, 'off', '2025-09-25 07:45:09'),
(505, 2, 1, 'off', '2025-09-25 07:45:14'),
(506, 1, 1, 'on', '2025-09-25 09:08:05'),
(507, 1, 1, 'on', '2025-09-25 09:08:09'),
(508, 2, 1, 'on', '2025-09-25 09:08:10'),
(509, 2, 1, 'on', '2025-09-25 09:08:16'),
(510, 1, 1, 'off', '2025-09-25 09:08:18'),
(511, 2, 1, 'off', '2025-09-25 09:08:19'),
(512, 2, 1, 'off', '2025-09-25 09:08:22'),
(513, 1, 1, 'off', '2025-09-25 09:08:22'),
(514, 2, 1, 'on', '2025-09-25 09:28:14'),
(515, 1, 1, 'on', '2025-09-25 09:28:16'),
(516, 2, 1, 'on', '2025-09-25 09:28:16'),
(517, 1, 1, 'on', '2025-09-25 09:28:16'),
(518, 1, 1, 'off', '2025-09-25 09:28:17'),
(519, 2, 1, 'off', '2025-09-25 09:28:18'),
(520, 2, 1, 'on', '2025-09-25 09:28:20'),
(521, 1, 1, 'off', '2025-09-25 09:28:20'),
(522, 2, 1, 'off', '2025-09-25 09:28:21'),
(523, 1, 1, 'on', '2025-09-25 09:28:24'),
(524, 1, 1, 'off', '2025-09-25 09:28:27'),
(525, 2, 1, 'off', '2025-09-25 09:28:28'),
(526, 1, 1, 'on', '2025-09-25 10:42:57'),
(527, 1, 1, 'on', '2025-09-25 10:43:21'),
(528, 1, 1, 'off', '2025-09-25 10:43:28'),
(529, 1, 1, 'off', '2025-09-25 10:43:31'),
(530, 2, 1, 'on', '2025-09-25 10:43:33'),
(531, 2, 1, 'on', '2025-09-25 10:43:37'),
(532, 2, 1, 'off', '2025-09-25 10:43:39'),
(533, 2, 1, 'off', '2025-09-25 10:43:44'),
(534, 1, 1, 'on', '2025-09-25 10:44:55'),
(535, 1, 1, 'off', '2025-09-25 10:44:55'),
(536, 2, 1, 'on', '2025-09-25 10:44:57'),
(537, 2, 1, 'on', '2025-09-25 10:44:59'),
(538, 2, 1, 'off', '2025-09-25 10:45:03'),
(539, 2, 1, 'off', '2025-09-25 10:45:09'),
(540, 1, 1, 'on', '2025-09-25 10:48:19'),
(541, 1, 1, 'on', '2025-09-25 10:48:25'),
(542, 1, 1, 'off', '2025-09-25 10:48:27'),
(543, 1, 1, 'off', '2025-09-25 10:48:33'),
(544, 1, 1, 'on', '2025-09-25 10:49:54'),
(545, 1, 1, 'on', '2025-09-25 10:49:59'),
(546, 2, 1, 'on', '2025-09-25 10:50:01'),
(547, 2, 1, 'on', '2025-09-25 10:50:06'),
(548, 1, 1, 'off', '2025-09-25 10:50:12'),
(549, 1, 1, 'off', '2025-09-25 10:50:12'),
(550, 2, 1, 'off', '2025-09-25 10:50:13'),
(551, 2, 1, 'off', '2025-09-25 10:50:20'),
(552, 1, 1, 'on', '2025-09-25 10:50:24'),
(553, 1, 1, 'off', '2025-09-25 10:50:29'),
(554, 1, 1, 'on', '2025-09-25 10:50:30'),
(555, 1, 1, 'off', '2025-09-25 10:55:31'),
(556, 1, 1, 'on', '2025-09-25 16:30:39'),
(557, 1, 1, 'on', '2025-09-25 16:30:41'),
(558, 1, 1, 'off', '2025-09-25 16:30:43'),
(559, 1, 1, 'off', '2025-09-25 16:30:44'),
(560, 1, 1, 'on', '2025-09-25 16:30:46'),
(561, 1, 1, 'on', '2025-09-25 16:30:47'),
(562, 1, 1, 'off', '2025-09-25 16:30:48'),
(563, 1, 1, 'off', '2025-09-25 16:30:50'),
(564, 1, 1, 'on', '2025-09-25 16:32:39'),
(565, 1, 1, 'on', '2025-09-25 16:32:41'),
(566, 2, 1, 'on', '2025-09-25 16:32:42'),
(567, 2, 1, 'on', '2025-09-25 16:32:44'),
(568, 1, 1, 'off', '2025-09-25 16:32:45'),
(569, 1, 1, 'off', '2025-09-25 16:32:47'),
(570, 2, 1, 'off', '2025-09-25 16:32:48'),
(571, 2, 1, 'off', '2025-09-25 16:32:50'),
(572, 2, 1, 'on', '2025-09-25 16:35:30'),
(573, 2, 1, 'on', '2025-09-25 16:35:32'),
(574, 2, 1, 'off', '2025-09-25 16:35:33'),
(575, 2, 1, 'off', '2025-09-25 16:35:35'),
(576, 1, 1, 'on', '2025-09-25 16:37:49'),
(577, 2, 1, 'on', '2025-09-25 16:52:45'),
(578, 2, 1, 'on', '2025-09-25 16:52:47'),
(579, 2, 1, 'off', '2025-09-25 16:52:48'),
(580, 2, 1, 'off', '2025-09-25 16:52:51'),
(581, 2, 1, 'on', '2025-09-25 16:56:46'),
(582, 2, 1, 'on', '2025-09-25 16:56:46'),
(583, 2, 1, 'off', '2025-09-25 16:56:47'),
(584, 2, 1, 'on', '2025-09-25 16:56:49'),
(585, 2, 1, 'off', '2025-09-25 16:56:50'),
(586, 2, 1, 'off', '2025-09-25 16:56:53'),
(587, 2, 1, 'on', '2025-09-25 16:56:57'),
(588, 2, 1, 'on', '2025-09-25 16:56:59'),
(589, 2, 1, 'off', '2025-09-25 16:57:01'),
(590, 2, 1, 'off', '2025-09-25 16:57:02'),
(591, 2, 1, 'on', '2025-09-25 16:57:49'),
(592, 2, 1, 'on', '2025-09-25 16:57:52'),
(593, 2, 1, 'off', '2025-09-25 16:58:51'),
(594, 1, 1, 'off', '2025-09-25 16:59:01'),
(595, 1, 1, 'on', '2025-09-25 17:00:29'),
(596, 1, 1, 'on', '2025-09-25 17:00:31'),
(597, 1, 1, 'off', '2025-09-25 17:00:32'),
(598, 1, 1, 'off', '2025-09-25 17:00:34'),
(599, 2, 1, 'on', '2025-09-25 17:02:00'),
(600, 2, 1, 'off', '2025-09-26 03:40:49'),
(601, 1, 1, 'on', '2025-09-26 03:43:54'),
(602, 1, 1, 'off', '2025-09-26 03:44:00'),
(603, 3, 2, 'on', '2025-09-26 03:46:51'),
(604, 3, 2, 'off', '2025-09-26 03:46:54'),
(605, 4, 2, 'on', '2025-09-26 03:47:06'),
(606, 4, 2, 'off', '2025-09-26 03:47:09'),
(607, 3, 2, 'on', '2025-09-26 03:47:25'),
(608, 3, 2, 'off', '2025-09-26 03:58:58'),
(609, 1, 1, 'on', '2025-09-26 03:59:05'),
(610, 1, 1, 'off', '2025-09-26 03:59:23'),
(611, 1, 1, 'on', '2025-09-26 04:00:00'),
(612, 2, 1, 'on', '2025-09-26 04:00:02'),
(613, 1, 1, 'off', '2025-09-26 04:00:06'),
(614, 2, 1, 'off', '2025-09-26 04:00:07'),
(615, 2, 1, 'off', '2025-09-26 04:00:10'),
(616, 1, 1, 'on', '2025-09-26 04:03:48'),
(617, 1, 1, 'on', '2025-09-26 04:03:59'),
(618, 1, 1, 'off', '2025-09-26 04:04:03'),
(619, 1, 1, 'off', '2025-09-26 04:04:05'),
(620, 1, 1, 'on', '2025-09-26 04:06:01'),
(621, 1, 1, 'on', '2025-09-26 04:06:03'),
(622, 2, 1, 'on', '2025-09-26 04:06:05'),
(623, 2, 1, 'on', '2025-09-26 04:06:14'),
(624, 2, 1, 'off', '2025-09-26 04:06:18'),
(625, 1, 1, 'off', '2025-09-26 04:06:20'),
(626, 2, 1, 'off', '2025-09-26 04:06:26'),
(627, 2, 1, 'on', '2025-09-26 04:08:47'),
(628, 2, 1, 'off', '2025-09-26 04:08:49'),
(629, 1, 1, 'on', '2025-09-26 04:08:50'),
(630, 1, 1, 'on', '2025-09-26 04:09:01'),
(631, 1, 1, 'off', '2025-09-26 04:09:10'),
(632, 1, 1, 'off', '2025-09-26 04:09:11'),
(633, 1, 1, 'on', '2025-09-26 04:12:00'),
(634, 1, 1, 'on', '2025-09-26 04:12:10'),
(635, 2, 1, 'on', '2025-09-26 04:13:09'),
(636, 1, 1, 'off', '2025-09-26 04:13:18'),
(637, 2, 1, 'on', '2025-09-26 04:13:18'),
(638, 2, 1, 'off', '2025-09-26 04:13:20'),
(639, 1, 1, 'off', '2025-09-26 04:13:28'),
(640, 2, 1, 'off', '2025-09-26 04:13:31'),
(641, 1, 1, 'on', '2025-09-26 04:16:17'),
(642, 2, 1, 'on', '2025-09-26 04:16:19'),
(643, 1, 1, 'on', '2025-09-26 04:16:22'),
(644, 2, 1, 'on', '2025-09-26 04:16:22'),
(645, 2, 1, 'off', '2025-09-26 04:16:30'),
(646, 1, 1, 'off', '2025-09-26 04:16:31'),
(647, 1, 1, 'off', '2025-09-26 04:16:37'),
(648, 2, 1, 'off', '2025-09-26 04:16:37'),
(649, 1, 1, 'on', '2025-09-26 05:30:23'),
(650, 1, 1, 'on', '2025-09-26 05:31:23'),
(651, 1, 1, 'off', '2025-09-26 05:31:31'),
(652, 1, 1, 'off', '2025-09-26 05:31:33'),
(653, 1, 1, 'on', '2025-09-26 05:40:12'),
(654, 2, 1, 'on', '2025-09-26 05:40:14'),
(655, 1, 1, 'on', '2025-09-26 05:40:15'),
(656, 2, 1, 'on', '2025-09-26 05:40:17'),
(657, 1, 1, 'off', '2025-09-26 05:40:21'),
(658, 2, 1, 'off', '2025-09-26 05:40:22'),
(659, 1, 1, 'off', '2025-09-26 05:40:26'),
(660, 1, 1, 'on', '2025-10-01 04:35:23'),
(661, 1, 1, 'off', '2025-10-01 04:35:25'),
(662, 1, 1, 'on', '2025-10-01 04:38:51'),
(663, 1, 1, 'off', '2025-10-01 04:39:00'),
(664, 1, 1, 'on', '2025-10-01 04:39:23'),
(665, 1, 1, 'off', '2025-10-01 04:39:24'),
(666, 1, 1, 'on', '2025-10-02 04:15:53'),
(667, 1, 1, 'off', '2025-10-02 04:15:56'),
(668, 2, 1, 'on', '2025-10-02 04:15:58'),
(669, 2, 1, 'off', '2025-10-02 04:15:59'),
(670, 1, 1, 'on', '2025-10-02 07:39:15'),
(671, 1, 1, 'off', '2025-10-02 07:39:39'),
(672, 1, 1, 'on', '2025-10-02 07:40:29'),
(673, 1, 1, 'on', '2025-10-02 07:40:37'),
(674, 2, 1, 'on', '2025-10-02 07:40:38'),
(675, 1, 1, 'off', '2025-10-02 07:40:50'),
(676, 2, 1, 'off', '2025-10-02 07:40:51'),
(677, 1, 1, 'off', '2025-10-02 07:41:00'),
(678, 1, 1, 'on', '2025-10-02 07:41:33'),
(679, 1, 1, 'on', '2025-10-02 07:41:34'),
(680, 1, 1, 'off', '2025-10-02 07:41:48'),
(681, 1, 1, 'off', '2025-10-02 07:41:54'),
(682, 2, 1, 'on', '2025-10-02 07:41:55'),
(683, 2, 1, 'on', '2025-10-02 07:41:56'),
(684, 2, 1, 'off', '2025-10-02 07:42:04'),
(685, 2, 1, 'off', '2025-10-02 07:42:09'),
(686, 1, 1, 'on', '2025-10-02 09:12:20'),
(687, 1, 1, 'off', '2025-10-02 09:19:23'),
(688, 1, 1, 'on', '2025-10-02 09:28:13'),
(689, 1, 1, 'off', '2025-10-02 09:28:21'),
(690, 1, 1, 'on', '2025-10-03 05:02:19'),
(691, 1, 1, 'on', '2025-10-03 05:02:21'),
(692, 2, 1, 'on', '2025-10-03 05:02:24'),
(693, 2, 1, 'on', '2025-10-03 05:02:25'),
(694, 2, 1, 'off', '2025-10-03 05:02:26'),
(695, 2, 1, 'off', '2025-10-03 05:02:27'),
(696, 1, 1, 'off', '2025-10-03 05:02:27'),
(697, 1, 1, 'off', '2025-10-03 05:02:29'),
(698, 1, 1, 'on', '2025-10-03 05:04:35'),
(699, 1, 1, 'on', '2025-10-03 05:04:37'),
(700, 2, 1, 'on', '2025-10-03 05:04:37'),
(701, 2, 1, 'on', '2025-10-03 05:04:38'),
(702, 2, 1, 'off', '2025-10-03 05:04:40'),
(703, 2, 1, 'off', '2025-10-03 05:04:40'),
(704, 1, 1, 'off', '2025-10-03 05:04:41'),
(705, 1, 1, 'off', '2025-10-03 05:04:43'),
(706, 1, 1, 'on', '2025-10-03 05:06:15'),
(707, 1, 1, 'on', '2025-10-03 05:06:16'),
(708, 2, 1, 'on', '2025-10-03 05:06:19'),
(709, 2, 1, 'on', '2025-10-03 05:06:19'),
(710, 2, 1, 'off', '2025-10-03 05:06:23'),
(711, 1, 1, 'off', '2025-10-03 05:06:24'),
(712, 1, 1, 'off', '2025-10-03 05:06:25'),
(713, 2, 1, 'off', '2025-10-03 05:06:25'),
(714, 1, 1, 'on', '2025-10-03 05:14:17'),
(715, 2, 1, 'on', '2025-10-03 05:14:19'),
(716, 1, 1, 'on', '2025-10-03 05:14:24'),
(717, 2, 1, 'on', '2025-10-03 05:14:24'),
(718, 1, 1, 'off', '2025-10-03 05:14:29'),
(719, 1, 1, 'off', '2025-10-03 05:14:32'),
(720, 2, 1, 'off', '2025-10-03 05:14:32'),
(721, 2, 1, 'off', '2025-10-03 05:14:41'),
(722, 1, 1, 'on', '2025-10-03 05:20:13'),
(723, 1, 1, 'on', '2025-10-03 05:20:18'),
(724, 2, 1, 'on', '2025-10-03 05:20:18'),
(725, 2, 1, 'on', '2025-10-03 05:20:19'),
(726, 2, 1, 'off', '2025-10-03 05:20:22'),
(727, 2, 1, 'off', '2025-10-03 05:20:22'),
(728, 1, 1, 'off', '2025-10-03 05:20:23'),
(729, 1, 1, 'off', '2025-10-03 05:20:29'),
(730, 1, 1, 'on', '2025-10-03 05:22:02'),
(731, 1, 1, 'on', '2025-10-03 05:22:03'),
(732, 2, 1, 'on', '2025-10-03 05:22:06'),
(733, 2, 1, 'on', '2025-10-03 05:22:07'),
(734, 2, 1, 'off', '2025-10-03 05:22:10'),
(735, 2, 1, 'off', '2025-10-03 05:22:12'),
(736, 1, 1, 'off', '2025-10-03 05:22:13'),
(737, 1, 1, 'off', '2025-10-03 05:22:14'),
(738, 1, 1, 'on', '2025-10-03 06:18:47'),
(739, 1, 1, 'on', '2025-10-03 06:18:48'),
(740, 2, 1, 'on', '2025-10-03 06:18:49'),
(741, 2, 1, 'on', '2025-10-03 06:18:49'),
(742, 1, 1, 'off', '2025-10-03 06:19:03'),
(743, 1, 1, 'off', '2025-10-03 06:19:03'),
(744, 2, 1, 'off', '2025-10-03 06:19:06'),
(745, 2, 1, 'off', '2025-10-03 06:19:07'),
(746, 1, 1, 'on', '2025-10-03 06:28:37'),
(747, 1, 1, 'on', '2025-10-03 06:28:38'),
(748, 2, 1, 'on', '2025-10-03 06:28:40'),
(749, 2, 1, 'on', '2025-10-03 06:28:41'),
(750, 1, 1, 'off', '2025-10-03 06:28:43'),
(751, 1, 1, 'off', '2025-10-03 06:28:44'),
(752, 2, 1, 'off', '2025-10-03 06:28:44'),
(753, 2, 1, 'off', '2025-10-03 06:28:45'),
(754, 1, 1, 'on', '2025-10-03 06:28:59'),
(755, 1, 1, 'off', '2025-10-03 06:29:00'),
(756, 1, 1, 'on', '2025-10-03 06:29:07'),
(757, 1, 1, 'on', '2025-10-03 06:29:09'),
(758, 1, 1, 'off', '2025-10-03 06:29:10'),
(759, 1, 1, 'off', '2025-10-03 06:29:15'),
(760, 1, 1, 'on', '2025-10-03 06:50:04'),
(761, 1, 1, 'on', '2025-10-03 06:50:05'),
(762, 2, 1, 'on', '2025-10-03 06:50:06'),
(763, 2, 1, 'on', '2025-10-03 06:50:06'),
(764, 2, 1, 'off', '2025-10-03 06:50:07'),
(765, 1, 1, 'off', '2025-10-03 06:50:23'),
(766, 2, 1, 'off', '2025-10-03 06:50:25'),
(767, 2, 1, 'on', '2025-10-03 06:50:30'),
(768, 2, 1, 'on', '2025-10-03 06:50:32'),
(769, 1, 1, 'on', '2025-10-03 06:50:32'),
(770, 1, 1, 'on', '2025-10-03 06:50:33'),
(771, 1, 1, 'off', '2025-10-03 06:50:56'),
(772, 1, 1, 'off', '2025-10-03 06:50:56'),
(773, 2, 1, 'off', '2025-10-03 06:50:57'),
(774, 2, 1, 'off', '2025-10-03 06:50:58'),
(775, 1, 1, 'on', '2025-10-03 06:52:44'),
(776, 1, 1, 'on', '2025-10-03 06:52:47'),
(777, 2, 1, 'on', '2025-10-03 06:52:48'),
(778, 2, 1, 'on', '2025-10-03 06:52:52'),
(779, 1, 1, 'off', '2025-10-03 06:52:54'),
(780, 1, 1, 'off', '2025-10-03 06:52:55'),
(781, 2, 1, 'off', '2025-10-03 06:53:00'),
(782, 2, 1, 'off', '2025-10-03 06:53:05'),
(783, 1, 1, 'on', '2025-10-03 06:53:28'),
(784, 1, 1, 'on', '2025-10-03 06:53:28'),
(785, 2, 1, 'on', '2025-10-03 06:53:31'),
(786, 2, 1, 'on', '2025-10-03 06:53:33'),
(787, 1, 1, 'off', '2025-10-03 06:53:37'),
(788, 1, 1, 'off', '2025-10-03 06:53:39'),
(789, 2, 1, 'off', '2025-10-03 06:53:40'),
(790, 2, 1, 'off', '2025-10-03 06:53:41'),
(791, 1, 1, 'on', '2025-10-03 06:58:30'),
(792, 1, 1, 'on', '2025-10-03 06:58:32'),
(793, 2, 1, 'on', '2025-10-03 06:58:33'),
(794, 2, 1, 'on', '2025-10-03 06:58:34'),
(795, 1, 1, 'off', '2025-10-03 06:58:36'),
(796, 1, 1, 'off', '2025-10-03 06:58:36'),
(797, 2, 1, 'off', '2025-10-03 06:58:37'),
(798, 2, 1, 'off', '2025-10-03 06:58:38'),
(799, 1, 1, 'on', '2025-10-03 07:00:29'),
(800, 1, 1, 'on', '2025-10-03 07:00:29'),
(801, 2, 1, 'on', '2025-10-03 07:00:31'),
(802, 2, 1, 'on', '2025-10-03 07:00:31'),
(803, 2, 1, 'off', '2025-10-03 07:00:32'),
(804, 2, 1, 'off', '2025-10-03 07:00:32'),
(805, 1, 1, 'off', '2025-10-03 07:00:32'),
(806, 1, 1, 'off', '2025-10-03 07:00:36'),
(807, 1, 1, 'on', '2025-10-03 14:21:42'),
(808, 2, 1, 'on', '2025-10-03 14:21:43'),
(809, 2, 1, 'off', '2025-10-03 14:21:48'),
(810, 1, 1, 'off', '2025-10-03 14:21:49'),
(811, 1, 1, 'on', '2025-10-03 14:21:49'),
(812, 1, 1, 'off', '2025-10-03 14:22:07'),
(813, 1, 1, 'on', '2025-10-03 14:22:08'),
(814, 2, 1, 'on', '2025-10-03 14:22:09'),
(815, 2, 1, 'off', '2025-10-03 14:22:09'),
(816, 1, 1, 'off', '2025-10-03 14:22:10'),
(817, 1, 1, 'on', '2025-10-03 15:38:08'),
(818, 2, 1, 'on', '2025-10-03 15:38:09'),
(819, 1, 1, 'off', '2025-10-03 15:48:15'),
(820, 2, 1, 'off', '2025-10-03 15:48:16'),
(821, 1, 1, 'on', '2025-10-03 15:48:17'),
(822, 1, 1, 'off', '2025-10-03 16:03:07'),
(823, 1, 1, 'on', '2025-10-03 16:03:08'),
(824, 1, 1, 'off', '2025-10-03 16:06:15'),
(825, 1, 1, 'on', '2025-10-03 16:06:15'),
(826, 1, 1, 'off', '2025-10-03 16:09:26'),
(827, 1, 1, 'on', '2025-10-03 16:09:27'),
(828, 1, 1, 'off', '2025-10-03 16:15:39'),
(829, 1, 1, 'on', '2025-10-03 16:15:40'),
(830, 2, 1, 'on', '2025-10-03 16:15:54'),
(831, 1, 1, 'off', '2025-10-03 16:16:25'),
(832, 2, 1, 'off', '2025-10-03 16:16:25'),
(833, 1, 1, 'on', '2025-10-03 16:16:34'),
(834, 2, 1, 'on', '2025-10-03 16:18:33'),
(835, 1, 1, 'off', '2025-10-03 16:18:34'),
(836, 2, 1, 'off', '2025-10-03 16:19:28'),
(837, 2, 1, 'on', '2025-10-03 16:19:29'),
(838, 2, 1, 'off', '2025-10-03 16:19:37'),
(839, 2, 1, 'on', '2025-10-03 16:19:41'),
(840, 2, 1, 'on', '2025-10-03 16:24:34'),
(841, 2, 1, 'off', '2025-10-03 16:24:47'),
(842, 2, 1, 'off', '2025-10-03 16:24:47'),
(843, 2, 1, 'on', '2025-10-03 16:25:29'),
(844, 2, 1, 'on', '2025-10-03 16:25:30'),
(845, 2, 1, 'off', '2025-10-03 16:25:30'),
(846, 2, 1, 'off', '2025-10-03 16:25:30'),
(847, 1, 1, 'on', '2025-10-03 16:25:32'),
(848, 1, 1, 'on', '2025-10-03 16:25:32'),
(849, 2, 1, 'on', '2025-10-03 16:25:32'),
(850, 2, 1, 'on', '2025-10-03 16:25:33'),
(851, 1, 1, 'off', '2025-10-03 16:25:43'),
(852, 1, 1, 'off', '2025-10-03 16:25:43'),
(853, 2, 1, 'off', '2025-10-03 16:25:44'),
(854, 2, 1, 'off', '2025-10-03 16:25:44'),
(855, 1, 1, 'on', '2025-10-03 17:14:00'),
(856, 1, 1, 'on', '2025-10-03 17:14:01'),
(857, 1, 1, 'off', '2025-10-03 17:14:21'),
(858, 1, 1, 'off', '2025-10-03 17:14:21'),
(859, 1, 1, 'on', '2025-10-03 17:16:03'),
(860, 1, 1, 'on', '2025-10-03 20:09:13'),
(861, 1, 1, 'on', '2025-10-03 22:37:12'),
(862, 1, 1, 'off', '2025-10-03 22:42:13'),
(863, 1, 1, 'on', '2025-10-04 02:29:30'),
(864, 1, 1, 'off', '2025-10-04 02:29:40'),
(865, 2, 1, 'on', '2025-10-04 02:29:53'),
(866, 2, 1, 'off', '2025-10-04 02:30:24'),
(867, 1, 1, 'on', '2025-10-04 04:55:39'),
(868, 2, 1, 'on', '2025-10-04 04:55:41'),
(869, 2, 1, 'off', '2025-10-04 04:55:44'),
(870, 1, 1, 'off', '2025-10-04 04:55:46'),
(871, 1, 1, 'on', '2025-10-04 04:55:46'),
(872, 2, 1, 'on', '2025-10-04 04:55:47'),
(873, 1, 1, 'off', '2025-10-04 04:56:46'),
(874, 2, 1, 'off', '2025-10-04 04:56:47'),
(875, 2, 1, 'on', '2025-10-04 05:30:20'),
(876, 1, 1, 'on', '2025-10-04 05:30:20'),
(877, 1, 1, 'off', '2025-10-04 05:31:02'),
(878, 1, 1, 'on', '2025-10-04 05:31:02'),
(879, 2, 1, 'off', '2025-10-04 05:31:04'),
(880, 1, 1, 'off', '2025-10-04 05:31:05'),
(881, 1, 1, 'on', '2025-10-04 05:31:22'),
(882, 2, 1, 'on', '2025-10-04 05:31:24'),
(883, 1, 1, 'off', '2025-10-04 05:32:49'),
(884, 2, 1, 'off', '2025-10-04 05:32:53'),
(885, 1, 1, 'on', '2025-10-04 05:32:54'),
(886, 2, 1, 'on', '2025-10-04 05:32:55'),
(887, 2, 1, 'on', '2025-10-04 05:33:08'),
(888, 1, 1, 'off', '2025-10-04 05:33:12'),
(889, 2, 1, 'off', '2025-10-04 05:33:18'),
(890, 1, 1, 'on', '2025-10-04 05:33:30'),
(891, 2, 1, 'on', '2025-10-04 05:33:31'),
(892, 2, 1, 'off', '2025-10-04 05:33:37'),
(893, 1, 1, 'off', '2025-10-04 05:33:38'),
(894, 1, 1, 'on', '2025-10-04 05:33:40'),
(895, 2, 1, 'on', '2025-10-04 05:33:40'),
(896, 1, 1, 'off', '2025-10-04 05:33:57'),
(897, 2, 1, 'off', '2025-10-04 05:33:58'),
(898, 1, 1, 'on', '2025-10-04 05:40:07'),
(899, 1, 1, 'off', '2025-10-04 05:42:11'),
(900, 1, 1, 'on', '2025-10-04 05:45:24'),
(901, 1, 1, 'off', '2025-10-04 05:49:42'),
(902, 1, 1, 'on', '2025-10-04 06:51:01'),
(903, 1, 1, 'off', '2025-10-04 06:51:24'),
(904, 1, 1, 'on', '2025-10-04 06:51:27'),
(905, 2, 1, 'on', '2025-10-04 06:51:29'),
(906, 1, 1, 'off', '2025-10-04 06:51:38'),
(907, 2, 1, 'off', '2025-10-04 06:51:38'),
(908, 1, 1, 'on', '2025-10-04 06:51:49'),
(909, 2, 1, 'on', '2025-10-04 06:51:50'),
(910, 1, 1, 'off', '2025-10-04 07:05:52'),
(911, 2, 1, 'off', '2025-10-04 07:05:53'),
(912, 1, 1, 'on', '2025-10-04 11:07:06'),
(913, 1, 1, 'off', '2025-10-04 11:08:41'),
(914, 1, 1, 'on', '2025-10-04 11:14:20'),
(915, 1, 1, 'off', '2025-10-04 11:20:23'),
(916, 1, 1, 'on', '2025-10-04 11:20:25'),
(917, 1, 1, 'off', '2025-10-04 11:21:32'),
(918, 1, 1, 'on', '2025-10-04 11:23:42'),
(919, 1, 1, 'off', '2025-10-04 11:25:39'),
(920, 1, 1, 'on', '2025-10-04 11:30:06'),
(921, 1, 1, 'off', '2025-10-04 11:30:13'),
(922, 2, 1, 'on', '2025-10-04 11:30:14'),
(923, 1, 1, 'on', '2025-10-04 11:30:15'),
(924, 1, 1, 'on', '2025-10-04 11:33:24'),
(925, 2, 1, 'on', '2025-10-04 11:33:26'),
(926, 1, 1, 'off', '2025-10-04 11:33:41'),
(927, 1, 1, 'off', '2025-10-04 11:33:44'),
(928, 2, 1, 'off', '2025-10-04 11:33:44'),
(929, 2, 1, 'off', '2025-10-04 11:33:45'),
(930, 1, 1, 'on', '2025-10-04 11:33:46'),
(931, 1, 1, 'on', '2025-10-04 11:33:47'),
(932, 2, 1, 'on', '2025-10-04 11:33:48'),
(933, 2, 1, 'on', '2025-10-04 11:33:48'),
(934, 1, 1, 'off', '2025-10-04 11:33:49'),
(935, 1, 1, 'off', '2025-10-04 11:33:50'),
(936, 2, 1, 'off', '2025-10-04 11:33:51'),
(937, 2, 1, 'off', '2025-10-04 11:33:51'),
(938, 1, 1, 'on', '2025-10-04 11:34:46'),
(939, 2, 1, 'on', '2025-10-04 11:34:49'),
(940, 1, 1, 'on', '2025-10-04 11:34:51'),
(941, 2, 1, 'on', '2025-10-04 11:34:51'),
(942, 1, 1, 'off', '2025-10-04 11:34:53'),
(943, 1, 1, 'off', '2025-10-04 11:34:53'),
(944, 2, 1, 'off', '2025-10-04 11:34:54'),
(945, 2, 1, 'off', '2025-10-04 11:34:54'),
(946, 1, 1, 'on', '2025-10-04 11:35:43'),
(947, 1, 1, 'on', '2025-10-04 11:35:45'),
(948, 2, 1, 'on', '2025-10-04 11:35:46'),
(949, 2, 1, 'on', '2025-10-04 11:35:47'),
(950, 2, 1, 'off', '2025-10-04 11:35:51'),
(951, 1, 1, 'off', '2025-10-04 11:35:53'),
(952, 2, 1, 'off', '2025-10-04 11:35:54'),
(953, 1, 1, 'off', '2025-10-04 11:35:55'),
(954, 1, 1, 'on', '2025-10-04 11:35:57'),
(955, 1, 1, 'on', '2025-10-04 11:35:57'),
(956, 2, 1, 'on', '2025-10-04 11:35:58'),
(957, 2, 1, 'on', '2025-10-04 11:35:59'),
(958, 1, 1, 'off', '2025-10-04 11:36:00'),
(959, 1, 1, 'off', '2025-10-04 11:36:01'),
(960, 2, 1, 'off', '2025-10-04 11:36:02'),
(961, 2, 1, 'off', '2025-10-04 11:36:02'),
(962, 1, 1, 'on', '2025-10-04 11:37:02'),
(963, 2, 1, 'on', '2025-10-04 11:38:26'),
(964, 2, 1, 'on', '2025-10-04 11:38:27'),
(965, 2, 1, 'off', '2025-10-04 11:38:28'),
(966, 2, 1, 'off', '2025-10-04 11:38:28'),
(967, 2, 1, 'on', '2025-10-04 11:38:49'),
(968, 2, 1, 'on', '2025-10-04 11:38:51'),
(969, 2, 1, 'off', '2025-10-04 11:38:51'),
(970, 2, 1, 'off', '2025-10-04 11:38:52'),
(971, 2, 1, 'on', '2025-10-04 11:38:53'),
(972, 2, 1, 'on', '2025-10-04 11:38:53'),
(973, 2, 1, 'off', '2025-10-04 11:38:54'),
(974, 2, 1, 'off', '2025-10-04 11:38:54'),
(975, 2, 1, 'on', '2025-10-04 11:38:55'),
(976, 2, 1, 'on', '2025-10-04 11:38:55'),
(977, 2, 1, 'off', '2025-10-04 11:38:56'),
(978, 2, 1, 'off', '2025-10-04 11:38:57'),
(979, 2, 1, 'on', '2025-10-04 11:38:58'),
(980, 2, 1, 'on', '2025-10-04 11:39:01'),
(981, 2, 1, 'off', '2025-10-04 11:39:04'),
(982, 2, 1, 'off', '2025-10-04 11:39:04'),
(983, 3, 2, 'on', '2025-10-04 11:48:49'),
(984, 3, 2, 'on', '2025-10-04 11:48:51'),
(985, 4, 2, 'on', '2025-10-04 11:48:54'),
(986, 4, 2, 'on', '2025-10-04 11:48:54'),
(987, 4, 2, 'off', '2025-10-04 11:48:58'),
(988, 4, 2, 'off', '2025-10-04 11:48:59'),
(989, 3, 2, 'off', '2025-10-04 11:49:00'),
(990, 3, 2, 'off', '2025-10-04 11:49:00'),
(991, 3, 2, 'on', '2025-10-04 11:49:03'),
(992, 3, 2, 'on', '2025-10-04 11:49:04'),
(993, 3, 2, 'off', '2025-10-04 11:49:05'),
(994, 3, 2, 'off', '2025-10-04 11:49:08'),
(995, 3, 2, 'on', '2025-10-04 11:49:38'),
(996, 3, 2, 'on', '2025-10-04 11:49:38'),
(997, 3, 2, 'off', '2025-10-04 11:49:39'),
(998, 4, 2, 'on', '2025-10-04 11:49:40'),
(999, 3, 2, 'off', '2025-10-04 11:49:42'),
(1000, 4, 2, 'on', '2025-10-04 11:49:43'),
(1001, 4, 2, 'off', '2025-10-04 11:49:44'),
(1002, 4, 2, 'off', '2025-10-04 11:49:49'),
(1003, 4, 2, 'on', '2025-10-04 11:53:28'),
(1004, 4, 2, 'on', '2025-10-04 11:53:28'),
(1005, 4, 2, 'off', '2025-10-04 11:53:29'),
(1006, 4, 2, 'off', '2025-10-04 11:53:29'),
(1007, 3, 2, 'on', '2025-10-04 11:54:01'),
(1008, 3, 2, 'on', '2025-10-04 11:54:01'),
(1009, 4, 2, 'on', '2025-10-04 11:54:02'),
(1010, 4, 2, 'on', '2025-10-04 11:54:02'),
(1011, 4, 2, 'off', '2025-10-04 11:54:03'),
(1012, 4, 2, 'off', '2025-10-04 11:54:03'),
(1013, 3, 2, 'off', '2025-10-04 11:54:04'),
(1014, 3, 2, 'off', '2025-10-04 11:54:04'),
(1015, 2, 1, 'on', '2025-10-04 11:54:07'),
(1016, 2, 1, 'on', '2025-10-04 11:54:08'),
(1017, 2, 1, 'off', '2025-10-04 11:54:08'),
(1018, 2, 1, 'off', '2025-10-04 11:54:09'),
(1019, 4, 2, 'on', '2025-10-04 11:55:49'),
(1020, 4, 2, 'on', '2025-10-04 11:55:49'),
(1021, 4, 2, 'off', '2025-10-04 11:55:50'),
(1022, 4, 2, 'off', '2025-10-04 11:55:50'),
(1023, 3, 2, 'on', '2025-10-04 11:55:55'),
(1024, 3, 2, 'on', '2025-10-04 11:55:55'),
(1025, 3, 2, 'off', '2025-10-04 11:55:56'),
(1026, 3, 2, 'off', '2025-10-04 11:55:56'),
(1027, 4, 2, 'on', '2025-10-04 11:58:04'),
(1028, 4, 2, 'on', '2025-10-04 11:58:04'),
(1029, 4, 2, 'off', '2025-10-04 11:58:04'),
(1030, 4, 2, 'off', '2025-10-04 11:58:05'),
(1031, 3, 2, 'on', '2025-10-04 12:02:15'),
(1032, 3, 2, 'on', '2025-10-04 12:02:15'),
(1033, 4, 2, 'on', '2025-10-04 12:02:17'),
(1034, 4, 2, 'on', '2025-10-04 12:02:17'),
(1035, 4, 2, 'off', '2025-10-04 12:02:19'),
(1036, 4, 2, 'off', '2025-10-04 12:02:19'),
(1037, 4, 2, 'on', '2025-10-04 12:02:21'),
(1038, 4, 2, 'on', '2025-10-04 12:02:21'),
(1039, 4, 2, 'off', '2025-10-04 12:02:22'),
(1040, 4, 2, 'off', '2025-10-04 12:02:23'),
(1041, 4, 2, 'on', '2025-10-04 12:02:23'),
(1042, 4, 2, 'on', '2025-10-04 12:02:24'),
(1043, 4, 2, 'off', '2025-10-04 12:02:24'),
(1044, 4, 2, 'off', '2025-10-04 12:02:24'),
(1045, 4, 2, 'on', '2025-10-04 12:02:25'),
(1046, 4, 2, 'on', '2025-10-04 12:02:25'),
(1047, 4, 2, 'off', '2025-10-04 12:02:25'),
(1048, 4, 2, 'off', '2025-10-04 12:02:26'),
(1049, 4, 2, 'on', '2025-10-04 12:02:26'),
(1050, 4, 2, 'on', '2025-10-04 12:02:26'),
(1051, 4, 2, 'off', '2025-10-04 12:02:26'),
(1052, 4, 2, 'off', '2025-10-04 12:02:26'),
(1053, 3, 2, 'off', '2025-10-04 12:02:28'),
(1054, 3, 2, 'off', '2025-10-04 12:02:28'),
(1055, 3, 2, 'on', '2025-10-04 12:02:29'),
(1056, 3, 2, 'on', '2025-10-04 12:02:29'),
(1057, 3, 2, 'off', '2025-10-04 12:02:30'),
(1058, 3, 2, 'off', '2025-10-04 12:02:30'),
(1059, 3, 2, 'on', '2025-10-04 12:02:31'),
(1060, 3, 2, 'on', '2025-10-04 12:02:31'),
(1061, 4, 2, 'on', '2025-10-04 12:02:32'),
(1062, 4, 2, 'on', '2025-10-04 12:02:32'),
(1063, 4, 2, 'off', '2025-10-04 12:02:33'),
(1064, 4, 2, 'off', '2025-10-04 12:02:33'),
(1065, 3, 2, 'off', '2025-10-04 12:02:33'),
(1066, 3, 2, 'off', '2025-10-04 12:02:34'),
(1067, 3, 2, 'on', '2025-10-04 12:11:59'),
(1068, 3, 2, 'on', '2025-10-04 12:11:59'),
(1069, 4, 2, 'on', '2025-10-04 12:12:00'),
(1070, 4, 2, 'on', '2025-10-04 12:12:00'),
(1071, 4, 2, 'off', '2025-10-04 12:12:01'),
(1072, 4, 2, 'off', '2025-10-04 12:12:01'),
(1073, 3, 2, 'off', '2025-10-04 12:12:02'),
(1074, 3, 2, 'off', '2025-10-04 12:12:02'),
(1075, 3, 2, 'on', '2025-10-04 12:12:02'),
(1076, 3, 2, 'on', '2025-10-04 12:12:02'),
(1077, 4, 2, 'on', '2025-10-04 12:12:03'),
(1078, 4, 2, 'on', '2025-10-04 12:12:03'),
(1079, 3, 2, 'off', '2025-10-04 12:12:04'),
(1080, 3, 2, 'off', '2025-10-04 12:12:04'),
(1081, 4, 2, 'off', '2025-10-04 12:12:05'),
(1082, 4, 2, 'off', '2025-10-04 12:12:05'),
(1083, 3, 2, 'on', '2025-10-04 12:12:06'),
(1084, 3, 2, 'on', '2025-10-04 12:12:06'),
(1085, 3, 2, 'off', '2025-10-04 12:12:24'),
(1086, 3, 2, 'off', '2025-10-04 12:12:25'),
(1087, 2, 1, 'on', '2025-10-04 12:13:23'),
(1088, 2, 1, 'on', '2025-10-04 12:13:23'),
(1089, 2, 1, 'off', '2025-10-04 12:13:24'),
(1090, 2, 1, 'off', '2025-10-04 12:13:25'),
(1091, 2, 1, 'on', '2025-10-04 12:13:26'),
(1092, 2, 1, 'on', '2025-10-04 12:13:26'),
(1093, 2, 1, 'off', '2025-10-04 12:13:26'),
(1094, 2, 1, 'off', '2025-10-04 12:13:27'),
(1095, 2, 1, 'on', '2025-10-04 12:18:24'),
(1096, 2, 1, 'on', '2025-10-04 12:18:24'),
(1097, 2, 1, 'off', '2025-10-04 12:18:25'),
(1098, 2, 1, 'off', '2025-10-04 12:18:25'),
(1099, 2, 1, 'on', '2025-10-04 12:18:26'),
(1100, 2, 1, 'on', '2025-10-04 12:18:26'),
(1101, 2, 1, 'off', '2025-10-04 12:18:27'),
(1102, 2, 1, 'off', '2025-10-04 12:18:27'),
(1103, 2, 1, 'on', '2025-10-04 12:18:28'),
(1104, 2, 1, 'on', '2025-10-04 12:18:28'),
(1105, 2, 1, 'off', '2025-10-04 12:18:29'),
(1106, 2, 1, 'off', '2025-10-04 12:18:29'),
(1107, 2, 1, 'on', '2025-10-04 12:18:30'),
(1108, 2, 1, 'on', '2025-10-04 12:18:30'),
(1109, 2, 1, 'off', '2025-10-04 12:18:31'),
(1110, 2, 1, 'off', '2025-10-04 12:18:31'),
(1111, 2, 1, 'on', '2025-10-04 12:18:32'),
(1112, 2, 1, 'on', '2025-10-04 12:18:32'),
(1113, 2, 1, 'off', '2025-10-04 12:18:33'),
(1114, 2, 1, 'off', '2025-10-04 12:18:33'),
(1115, 2, 1, 'on', '2025-10-04 12:18:33'),
(1116, 2, 1, 'on', '2025-10-04 12:18:33'),
(1117, 2, 1, 'off', '2025-10-04 12:18:34'),
(1118, 2, 1, 'off', '2025-10-04 12:18:34'),
(1119, 2, 1, 'on', '2025-10-04 12:18:35'),
(1120, 2, 1, 'on', '2025-10-04 12:18:35'),
(1121, 2, 1, 'off', '2025-10-04 12:18:35'),
(1122, 2, 1, 'off', '2025-10-04 12:18:35'),
(1123, 2, 1, 'on', '2025-10-04 12:18:36'),
(1124, 2, 1, 'on', '2025-10-04 12:18:36'),
(1125, 2, 1, 'off', '2025-10-04 12:18:37'),
(1126, 2, 1, 'off', '2025-10-04 12:18:37'),
(1127, 2, 1, 'on', '2025-10-04 12:18:38'),
(1128, 2, 1, 'on', '2025-10-04 12:18:38'),
(1129, 2, 1, 'off', '2025-10-04 12:18:39'),
(1130, 2, 1, 'off', '2025-10-04 12:18:40'),
(1131, 2, 1, 'on', '2025-10-04 12:18:41'),
(1132, 2, 1, 'on', '2025-10-04 12:18:41'),
(1133, 2, 1, 'off', '2025-10-04 12:18:42'),
(1134, 2, 1, 'off', '2025-10-04 12:18:42'),
(1135, 1, 1, 'off', '2025-10-04 13:16:06'),
(1136, 1, 1, 'on', '2025-10-04 13:34:30'),
(1137, 1, 1, 'off', '2025-10-04 13:34:32'),
(1138, 1, 1, 'on', '2025-10-04 13:42:25'),
(1139, 1, 1, 'off', '2025-10-04 13:42:26'),
(1140, 1, 1, 'on', '2025-10-04 16:02:32'),
(1141, 1, 1, 'off', '2025-10-04 16:02:36'),
(1142, 3, 2, 'on', '2025-10-04 16:02:43'),
(1143, 3, 2, 'on', '2025-10-04 16:02:43'),
(1144, 4, 2, 'on', '2025-10-04 16:02:46'),
(1145, 4, 2, 'on', '2025-10-04 16:02:46'),
(1146, 4, 2, 'off', '2025-10-04 16:02:48'),
(1147, 4, 2, 'off', '2025-10-04 16:02:48'),
(1148, 3, 2, 'off', '2025-10-04 16:02:49'),
(1149, 3, 2, 'off', '2025-10-04 16:02:49'),
(1150, 4, 2, 'on', '2025-10-04 16:11:03'),
(1151, 4, 2, 'on', '2025-10-04 16:11:03'),
(1152, 3, 2, 'on', '2025-10-04 16:11:04'),
(1153, 3, 2, 'on', '2025-10-04 16:11:05'),
(1154, 4, 2, 'off', '2025-10-04 16:11:05'),
(1155, 4, 2, 'off', '2025-10-04 16:11:06'),
(1156, 3, 2, 'off', '2025-10-04 16:11:06'),
(1157, 3, 2, 'off', '2025-10-04 16:11:07'),
(1158, 3, 2, 'on', '2025-10-04 16:24:41'),
(1159, 3, 2, 'on', '2025-10-04 16:24:41'),
(1160, 4, 2, 'on', '2025-10-04 16:24:42'),
(1161, 4, 2, 'on', '2025-10-04 16:24:43'),
(1162, 3, 2, 'off', '2025-10-04 16:24:44'),
(1163, 3, 2, 'off', '2025-10-04 16:24:44'),
(1164, 4, 2, 'off', '2025-10-04 16:24:46'),
(1165, 4, 2, 'off', '2025-10-04 16:24:46'),
(1166, 3, 2, 'on', '2025-10-04 16:37:44'),
(1167, 3, 2, 'on', '2025-10-04 16:37:44'),
(1168, 3, 2, 'off', '2025-10-04 16:37:45'),
(1169, 3, 2, 'off', '2025-10-04 16:37:45'),
(1170, 4, 2, 'on', '2025-10-04 16:37:46'),
(1171, 4, 2, 'on', '2025-10-04 16:37:47'),
(1172, 4, 2, 'off', '2025-10-04 16:37:48'),
(1173, 4, 2, 'off', '2025-10-04 16:37:48'),
(1174, 3, 2, 'on', '2025-10-04 16:37:49'),
(1175, 3, 2, 'on', '2025-10-04 16:37:49'),
(1176, 3, 2, 'off', '2025-10-04 16:37:54'),
(1177, 3, 2, 'off', '2025-10-04 16:37:55'),
(1178, 3, 2, 'on', '2025-10-04 16:37:55'),
(1179, 3, 2, 'on', '2025-10-04 16:37:56'),
(1180, 4, 2, 'on', '2025-10-04 16:37:58'),
(1181, 4, 2, 'on', '2025-10-04 16:37:58'),
(1182, 3, 2, 'off', '2025-10-04 16:38:00'),
(1183, 3, 2, 'off', '2025-10-04 16:38:00'),
(1184, 4, 2, 'off', '2025-10-04 16:38:00'),
(1185, 4, 2, 'off', '2025-10-04 16:38:01'),
(1186, 3, 2, 'on', '2025-10-04 18:04:20'),
(1187, 3, 2, 'on', '2025-10-04 18:04:21'),
(1188, 4, 2, 'on', '2025-10-04 18:04:22'),
(1189, 4, 2, 'on', '2025-10-04 18:04:22'),
(1190, 4, 2, 'off', '2025-10-04 18:04:23'),
(1191, 4, 2, 'off', '2025-10-04 18:04:24'),
(1192, 3, 2, 'off', '2025-10-04 18:04:25'),
(1193, 3, 2, 'off', '2025-10-04 18:04:25'),
(1194, 4, 2, 'on', '2025-10-04 18:04:27'),
(1195, 4, 2, 'on', '2025-10-04 18:04:27'),
(1196, 4, 2, 'off', '2025-10-04 18:04:28'),
(1197, 4, 2, 'off', '2025-10-04 18:04:28'),
(1198, 3, 2, 'on', '2025-10-04 18:04:29'),
(1199, 3, 2, 'on', '2025-10-04 18:04:29'),
(1200, 3, 2, 'off', '2025-10-04 18:04:30'),
(1201, 3, 2, 'off', '2025-10-04 18:04:30'),
(1202, 3, 2, 'on', '2025-10-04 18:04:31'),
(1203, 3, 2, 'on', '2025-10-04 18:04:32'),
(1204, 4, 2, 'on', '2025-10-04 18:04:34'),
(1205, 4, 2, 'on', '2025-10-04 18:04:35'),
(1206, 3, 2, 'off', '2025-10-04 18:04:36'),
(1207, 3, 2, 'off', '2025-10-04 18:04:36'),
(1208, 4, 2, 'off', '2025-10-04 18:04:36'),
(1209, 4, 2, 'off', '2025-10-04 18:04:37'),
(1210, 3, 2, 'on', '2025-10-04 18:04:37'),
(1211, 3, 2, 'on', '2025-10-04 18:04:37'),
(1212, 4, 2, 'on', '2025-10-04 18:04:38'),
(1213, 4, 2, 'on', '2025-10-04 18:04:39'),
(1214, 3, 2, 'off', '2025-10-04 18:04:40'),
(1215, 3, 2, 'off', '2025-10-04 18:04:40'),
(1216, 4, 2, 'off', '2025-10-04 18:04:41'),
(1217, 4, 2, 'off', '2025-10-04 18:04:41'),
(1218, 1, 1, 'on', '2025-10-04 18:06:12'),
(1219, 2, 1, 'on', '2025-10-04 18:06:13'),
(1220, 2, 1, 'off', '2025-10-04 18:06:14'),
(1221, 1, 1, 'off', '2025-10-04 18:06:15'),
(1222, 3, 2, 'on', '2025-10-04 18:09:22'),
(1223, 3, 2, 'on', '2025-10-04 18:09:22'),
(1224, 3, 2, 'off', '2025-10-04 18:09:23'),
(1225, 3, 2, 'off', '2025-10-04 18:09:23'),
(1226, 3, 2, 'on', '2025-10-04 18:32:00'),
(1227, 3, 2, 'on', '2025-10-04 18:32:00'),
(1228, 3, 2, 'off', '2025-10-04 18:32:01'),
(1229, 3, 2, 'off', '2025-10-04 18:32:02');
INSERT INTO `switch_logs` (`id`, `switch_id`, `room_id`, `status`, `created_at`) VALUES
(1230, 4, 2, 'on', '2025-10-04 18:32:03'),
(1231, 4, 2, 'on', '2025-10-04 18:32:04'),
(1232, 4, 2, 'off', '2025-10-04 18:32:04'),
(1233, 4, 2, 'off', '2025-10-04 18:32:05'),
(1234, 3, 2, 'on', '2025-10-04 18:32:06'),
(1235, 3, 2, 'on', '2025-10-04 18:32:06'),
(1236, 3, 2, 'off', '2025-10-04 18:32:07'),
(1237, 3, 2, 'off', '2025-10-04 18:32:08'),
(1238, 3, 2, 'on', '2025-10-04 18:43:50'),
(1239, 3, 2, 'on', '2025-10-04 18:43:51'),
(1240, 4, 2, 'on', '2025-10-04 18:43:52'),
(1241, 4, 2, 'on', '2025-10-04 18:43:52'),
(1242, 3, 2, 'off', '2025-10-04 18:43:53'),
(1243, 3, 2, 'off', '2025-10-04 18:43:53'),
(1244, 4, 2, 'off', '2025-10-04 18:43:54'),
(1245, 4, 2, 'off', '2025-10-04 18:43:54'),
(1246, 3, 2, 'on', '2025-10-04 18:43:56'),
(1247, 3, 2, 'on', '2025-10-04 18:43:56'),
(1248, 4, 2, 'on', '2025-10-04 18:43:57'),
(1249, 4, 2, 'on', '2025-10-04 18:43:58'),
(1250, 3, 2, 'off', '2025-10-04 18:43:59'),
(1251, 3, 2, 'off', '2025-10-04 18:43:59'),
(1252, 4, 2, 'off', '2025-10-04 18:44:00'),
(1253, 4, 2, 'off', '2025-10-04 18:44:00'),
(1254, 3, 2, 'on', '2025-10-04 18:44:01'),
(1255, 3, 2, 'on', '2025-10-04 18:44:01'),
(1256, 4, 2, 'on', '2025-10-04 18:44:01'),
(1257, 4, 2, 'on', '2025-10-04 18:44:01'),
(1258, 3, 2, 'off', '2025-10-04 18:44:02'),
(1259, 3, 2, 'off', '2025-10-04 18:44:02'),
(1260, 4, 2, 'off', '2025-10-04 18:44:02'),
(1261, 4, 2, 'off', '2025-10-04 18:44:03'),
(1262, 3, 2, 'on', '2025-10-04 18:44:04'),
(1263, 3, 2, 'on', '2025-10-04 18:44:04'),
(1264, 4, 2, 'on', '2025-10-04 18:44:06'),
(1265, 4, 2, 'on', '2025-10-04 18:44:06'),
(1266, 3, 2, 'off', '2025-10-04 18:44:07'),
(1267, 3, 2, 'off', '2025-10-04 18:44:07'),
(1268, 4, 2, 'off', '2025-10-04 18:44:08'),
(1269, 4, 2, 'off', '2025-10-04 18:44:08'),
(1270, 3, 2, 'on', '2025-10-04 18:48:32'),
(1271, 3, 2, 'on', '2025-10-04 18:48:33'),
(1272, 3, 2, 'off', '2025-10-04 18:48:33'),
(1273, 3, 2, 'off', '2025-10-04 18:48:34'),
(1274, 4, 2, 'on', '2025-10-04 18:48:34'),
(1275, 4, 2, 'on', '2025-10-04 18:48:35'),
(1276, 4, 2, 'off', '2025-10-04 18:48:36'),
(1277, 4, 2, 'off', '2025-10-04 18:48:36'),
(1278, 3, 2, 'on', '2025-10-04 18:50:10'),
(1279, 3, 2, 'on', '2025-10-04 18:50:10'),
(1280, 3, 2, 'off', '2025-10-04 18:50:13'),
(1281, 3, 2, 'off', '2025-10-04 18:50:13'),
(1282, 3, 2, 'on', '2025-10-04 18:53:39'),
(1283, 3, 2, 'off', '2025-10-04 18:53:47');

-- --------------------------------------------------------

--
-- Table structure for table `users`
--

CREATE TABLE `users` (
  `id` int(6) UNSIGNED NOT NULL,
  `email` varchar(255) NOT NULL,
  `username` varchar(50) NOT NULL,
  `password` varchar(255) NOT NULL,
  `fullname` varchar(100) DEFAULT NULL,
  `role` enum('admin','user') DEFAULT 'user',
  `status` enum('pending','active','rejected') DEFAULT 'pending',
  `created_at` timestamp NOT NULL DEFAULT current_timestamp(),
  `updated_at` timestamp NOT NULL DEFAULT current_timestamp() ON UPDATE current_timestamp()
) ENGINE=InnoDB DEFAULT CHARSET=utf8mb4 COLLATE=utf8mb4_unicode_ci;

--
-- Dumping data for table `users`
--

INSERT INTO `users` (`id`, `email`, `username`, `password`, `fullname`, `role`, `status`, `created_at`, `updated_at`) VALUES
(1, 'admin@example.com', 'admin', '$2y$10$92IXUNpkjO0rOQ5byMi.Ye4oKoEa3Ro9llC/.og/at2.uheWG/igi', 'Administrator', 'admin', 'active', '2025-08-29 06:21:57', '2025-08-29 06:21:57'),
(2, 'supawish.p@rmutsvmail.com', 'supawish', '$2y$10$44YkiPsCIWFN7qtOn.qXZ.DgmXY0oEXGsC7XMrPkbfx7UdLX8ASOK', NULL, 'admin', 'active', '2025-08-29 06:25:11', '2025-08-29 06:30:38'),
(3, 'kongsupawish@gmail.com', 'kong', '$2y$10$XJy3ZvEVN23/My9BUn87ZOeuj3t2tAKtR/YTrJJyHhliY9eQBLgHe', NULL, 'user', 'active', '2025-08-29 07:56:09', '2025-08-29 07:56:32'),
(4, 'kong@gmail.com', 'suphawit', '$2y$10$8PyNdKoM5axoKJ8UQgVUbuO079VqfnFjzso5tJ2.cRzApAybQrP82', NULL, 'user', 'active', '2025-09-02 06:12:34', '2025-09-13 04:56:59');

--
-- Indexes for dumped tables
--

--
-- Indexes for table `logs`
--
ALTER TABLE `logs`
  ADD PRIMARY KEY (`id`),
  ADD KEY `idx_user_id` (`user_id`),
  ADD KEY `idx_username` (`username`),
  ADD KEY `idx_created_at` (`created_at`);

--
-- Indexes for table `plans`
--
ALTER TABLE `plans`
  ADD PRIMARY KEY (`id`),
  ADD UNIQUE KEY `floor` (`floor`);

--
-- Indexes for table `rooms`
--
ALTER TABLE `rooms`
  ADD PRIMARY KEY (`id`);

--
-- Indexes for table `schedule`
--
ALTER TABLE `schedule`
  ADD PRIMARY KEY (`id`);

--
-- Indexes for table `switches`
--
ALTER TABLE `switches`
  ADD PRIMARY KEY (`id`),
  ADD UNIQUE KEY `unique_switch` (`esp_name`,`gpio_pin`),
  ADD KEY `room_id` (`room_id`);

--
-- Indexes for table `switch_logs`
--
ALTER TABLE `switch_logs`
  ADD PRIMARY KEY (`id`),
  ADD KEY `switch_id` (`switch_id`),
  ADD KEY `room_id` (`room_id`);

--
-- Indexes for table `users`
--
ALTER TABLE `users`
  ADD PRIMARY KEY (`id`),
  ADD UNIQUE KEY `email` (`email`),
  ADD UNIQUE KEY `username` (`username`);

--
-- AUTO_INCREMENT for dumped tables
--

--
-- AUTO_INCREMENT for table `logs`
--
ALTER TABLE `logs`
  MODIFY `id` int(11) NOT NULL AUTO_INCREMENT, AUTO_INCREMENT=789;

--
-- AUTO_INCREMENT for table `plans`
--
ALTER TABLE `plans`
  MODIFY `id` int(11) NOT NULL AUTO_INCREMENT, AUTO_INCREMENT=30;

--
-- AUTO_INCREMENT for table `rooms`
--
ALTER TABLE `rooms`
  MODIFY `id` int(11) NOT NULL AUTO_INCREMENT, AUTO_INCREMENT=3;

--
-- AUTO_INCREMENT for table `schedule`
--
ALTER TABLE `schedule`
  MODIFY `id` int(11) NOT NULL AUTO_INCREMENT, AUTO_INCREMENT=5;

--
-- AUTO_INCREMENT for table `switches`
--
ALTER TABLE `switches`
  MODIFY `id` int(11) NOT NULL AUTO_INCREMENT, AUTO_INCREMENT=269;

--
-- AUTO_INCREMENT for table `switch_logs`
--
ALTER TABLE `switch_logs`
  MODIFY `id` int(11) NOT NULL AUTO_INCREMENT, AUTO_INCREMENT=1284;

--
-- AUTO_INCREMENT for table `users`
--
ALTER TABLE `users`
  MODIFY `id` int(6) UNSIGNED NOT NULL AUTO_INCREMENT, AUTO_INCREMENT=5;

--
-- Constraints for dumped tables
--

--
-- Constraints for table `switches`
--
ALTER TABLE `switches`
  ADD CONSTRAINT `switches_ibfk_1` FOREIGN KEY (`room_id`) REFERENCES `rooms` (`id`) ON DELETE CASCADE;

--
-- Constraints for table `switch_logs`
--
ALTER TABLE `switch_logs`
  ADD CONSTRAINT `switch_logs_ibfk_1` FOREIGN KEY (`switch_id`) REFERENCES `switches` (`id`) ON DELETE CASCADE,
  ADD CONSTRAINT `switch_logs_ibfk_2` FOREIGN KEY (`room_id`) REFERENCES `rooms` (`id`) ON DELETE CASCADE;
COMMIT;

/*!40101 SET CHARACTER_SET_CLIENT=@OLD_CHARACTER_SET_CLIENT */;
/*!40101 SET CHARACTER_SET_RESULTS=@OLD_CHARACTER_SET_RESULTS */;
/*!40101 SET COLLATION_CONNECTION=@OLD_COLLATION_CONNECTION */;
